,id,name,district,terminalName,lat,long,installed,locked,installDate,removalDate,temporary,nbBikes,nbStandardBikes,nbEBikes,nbEmptyDocks,nbDocks
0,1,"River Street , Clerkenwell",Clerkenwell,1023,51.52916347,-0.109970527,TRUE,FALSE,2010/7/12,,FALSE,12,11,1,7,19
1,2,"Phillimore Gardens, Kensington",Kensington,1018,51.49960695,-0.197574246,TRUE,FALSE,2010/7/8,,FALSE,21,20,1,15,37
2,3,"Christopher Street, Liverpool Street",Liverpool Street,1012,51.52128377,-0.084605692,TRUE,FALSE,2010/7/4,,FALSE,4,1,3,27,32
3,4,"St. Chads Street, Kings Cross",Kings Cross,1013,51.53005939,-0.120973687,TRUE,FALSE,2010/7/4,,FALSE,22,19,3,0,23
4,5,"Sedding Street, Sloane Square",Sloane Square,3420,51.49313,-0.156876,TRUE,FALSE,2010/7/4,,FALSE,19,17,2,3,27
5,6,"Broadcasting House, Marylebone",Marylebone,3424,51.51811784,-0.144228881,TRUE,FALSE,2010/7/4,,FALSE,14,8,6,3,18
6,7,"Charlbert Street, St. Johns Wood",St. Johns Wood,3422,51.53430039,-0.1680743,TRUE,FALSE,2010/7/4,,FALSE,8,8,0,6,16
7,8,"Maida Vale, Maida Vale",Maida Vale,3423,51.529857,-0.18348604,TRUE,FALSE,2018/10/31,,FALSE,14,11,3,21,39
8,9,"New Globe Walk, Bankside",Bankside,1015,51.5073853,-0.096440751,TRUE,FALSE,2010/7/4,,FALSE,17,15,2,1,19
9,10,"Park Street, Bankside",Bankside,1024,51.50597426,-0.092754157,TRUE,FALSE,2010/7/4,,FALSE,14,13,1,1,18
10,11,"Brunswick Square, Bloomsbury",Bloomsbury,1022,51.52395143,-0.122502346,TRUE,FALSE,2010/7/5,,FALSE,18,12,6,3,24
11,12,"Malet Street, Bloomsbury",Bloomsbury,980,51.52168078,-0.130431727,TRUE,FALSE,2010/7/5,,FALSE,14,6,8,31,49
12,13,"Scala Street, Fitzrovia",Fitzrovia,970,51.51991453,-0.136039674,TRUE,FALSE,2010/7/5,,FALSE,8,2,6,12,21
13,14,"Argyle Street, Kings Cross",Kings Cross,1011,51.529416,-0.1239444,TRUE,FALSE,2010/7/5,,FALSE,15,9,6,25,45
14,15,"Great Russell Street, Bloomsbury",Bloomsbury,988,51.51772703,-0.127854211,TRUE,FALSE,2010/7/5,,FALSE,17,7,10,8,26
15,16,"Cartwright Gardens , Bloomsbury",Bloomsbury,1010,51.52635795,-0.125979294,TRUE,FALSE,2010/7/5,,FALSE,4,3,1,15,21
16,17,"Hatton Wall, Holborn",Holborn,1008,51.5216612,-0.109006325,TRUE,FALSE,2010/7/6,,FALSE,8,8,0,14,26
17,18,"Drury Lane, Covent Garden",Covent Garden,1007,51.51477076,-0.12221963,TRUE,FALSE,2010/7/6,,FALSE,20,10,10,2,27
18,19,"Taviton Street, Bloomsbury",Bloomsbury,1009,51.52505093,-0.131161087,TRUE,FALSE,2010/7/6,,FALSE,16,14,2,13,30
19,20,"Drummond Street , Euston",Euston,993,51.527326,-0.13605286,TRUE,FALSE,2018/12/13,,FALSE,10,10,0,15,28
20,21,"Lansdowne Drive, Hackney Central",Hackney Central,3426,51.539834,-0.062806212,TRUE,FALSE,2010/7/6,,FALSE,8,6,2,18,26
21,22,"Northington Street , Holborn",Holborn,3425,51.5222641,-0.114079481,TRUE,FALSE,2010/7/6,,FALSE,2,2,0,15,19
22,23,"Red Lion Square, Holborn",Holborn,3421,51.51943538,-0.119123345,TRUE,FALSE,2010/7/6,,FALSE,2,1,1,10,16
23,24,"British Museum, Bloomsbury",Bloomsbury,981,51.51908011,-0.124678402,TRUE,FALSE,2010/7/6,,FALSE,16,12,4,17,35
24,25,"Doric Way , Somers Town",Somers Town,1004,51.5288338,-0.132250369,TRUE,FALSE,2010/7/6,,FALSE,6,3,3,43,50
25,26,"Ampton Street , Clerkenwell",Clerkenwell,1019,51.52728093,-0.11829517,TRUE,FALSE,2010/7/6,,FALSE,9,9,0,9,21
26,28,"Bolsover Street, Fitzrovia",Fitzrovia,1025,51.52351808,-0.143613641,TRUE,FALSE,2010/7/7,,FALSE,9,7,2,9,19
27,29,"Hereford Road, Bayswater",Bayswater,1016,51.513735,-0.193487,TRUE,FALSE,2010/7/7,,FALSE,4,3,1,17,22
28,30,"Windsor Terrace, Hoxton",Hoxton,1029,51.52915444,-0.093421615,TRUE,FALSE,2010/7/7,,FALSE,14,13,1,7,24
29,31,"Fanshaw Street, Hoxton",Hoxton,3427,51.52953709,-0.083353323,TRUE,FALSE,2010/7/7,,FALSE,26,25,1,9,36
30,33,"Central House, Aldgate",Aldgate,3430,51.515231,-0.07015,TRUE,FALSE,2010/7/7,,FALSE,14,13,1,9,24
31,34,"Pancras Road, Kings Cross",Kings Cross,3428,51.5341235,-0.129386874,TRUE,FALSE,2010/7/7,,FALSE,13,12,1,2,16
32,36,"De Vere Gardens, Kensington",Kensington,3446,51.50173726,-0.184980612,TRUE,FALSE,2010/7/7,,FALSE,7,6,1,19,28
33,37,"Penywern Road, Earls Court",Earls Court,3444,51.49159394,-0.192369256,TRUE,FALSE,2010/7/7,,FALSE,4,4,0,11,17
34,38,"Abingdon Villas, Kensington",Kensington,3442,51.4973875,-0.197245586,TRUE,FALSE,2010/7/8,,FALSE,5,4,1,11,17
35,39,"Shoreditch High Street, Shoreditch",Shoreditch,3445,51.5263778,-0.078130921,TRUE,FALSE,2010/7/8,,FALSE,23,22,1,15,41
36,40,"Commercial Street, Shoreditch",Shoreditch,1083,51.52127071,-0.0755789,TRUE,FALSE,2010/7/8,,FALSE,13,12,1,2,16
37,41,"Pindar Street, Liverpool Street",Liverpool Street,1084,51.520955,-0.083493552,TRUE,FALSE,2010/7/8,,FALSE,9,8,1,15,24
38,42,"Wenlock Road , Hoxton",Hoxton,979,51.53099181,-0.093903825,TRUE,FALSE,2010/7/8,,FALSE,17,15,2,10,28
39,43,"Crawford Street, Marylebone",Marylebone,1036,51.52026,-0.157183945,TRUE,FALSE,2010/7/9,,FALSE,2,0,2,15,18
40,44,"Bruton Street, Mayfair",Mayfair,1034,51.51073687,-0.144165239,TRUE,FALSE,2010/7/9,,FALSE,11,7,4,10,21
41,45,"Boston Place, Marylebone",Marylebone,1035,51.522511,-0.162298,TRUE,FALSE,2010/7/9,,FALSE,22,11,11,1,26
42,46,"Nesham Street, Wapping",Wapping,1031,51.507131,-0.06691,TRUE,FALSE,2010/7/9,,FALSE,7,7,0,8,16
43,47,"Warwick Avenue Station, Maida Vale",Maida Vale,1027,51.52334476,-0.183846408,TRUE,FALSE,2010/7/10,,FALSE,4,4,0,13,19
44,48,"Godliman Street, St. Pauls",St. Pauls,971,51.51248445,-0.099141408,TRUE,FALSE,2010/7/10,,FALSE,17,12,5,7,25
45,49,"Curzon Street, Mayfair",Mayfair,3437,51.50706909,-0.145904427,TRUE,FALSE,2010/7/10,,FALSE,13,10,3,2,16
46,50,"East Road, Hoxton",Hoxton,1054,51.52867339,-0.087459376,TRUE,FALSE,2010/7/10,,FALSE,15,13,2,11,27
47,51,"Finsbury Library , Finsbury",Finsbury,986,51.52671796,-0.104298194,TRUE,FALSE,2010/7/10,,FALSE,16,16,0,13,29
48,52,"Roscoe Street, St. Lukes",St. Lukes,1026,51.52295439,-0.094934859,TRUE,FALSE,2010/7/10,,FALSE,8,7,1,7,18
49,53,"Grafton Street, Mayfair",Mayfair,3431,51.5099923,-0.143495266,TRUE,FALSE,2010/7/10,,FALSE,8,6,2,9,18
50,54,"Golden Lane, Barbican",Barbican,967,51.52174785,-0.094475072,TRUE,FALSE,2010/7/10,,FALSE,0,0,0,26,27
51,55,"Finsbury Circus, Liverpool Street",Liverpool Street,984,51.51707521,-0.086685542,TRUE,FALSE,2010/7/10,,FALSE,22,16,6,7,33
52,56,"Paddington Street, Marylebone",Marylebone,1033,51.52058381,-0.154701411,TRUE,FALSE,2010/7/10,,FALSE,5,4,1,9,16
53,57,"Guilford Street , Bloomsbury",Bloomsbury,974,51.52334672,-0.120202614,TRUE,FALSE,2010/7/10,,FALSE,8,4,4,20,32
54,58,"New Inn Yard, Shoreditch",Shoreditch,1032,51.52452699,-0.079248081,TRUE,FALSE,2010/7/10,,FALSE,14,10,4,6,20
55,60,"Lisson Grove, St. Johns Wood",St. Johns Wood,1030,51.52644828,-0.172190727,TRUE,FALSE,2010/7/10,,FALSE,1,1,0,14,18
56,61,"Great Dover Street, The Borough",The Borough,1017,51.49738251,-0.089446947,TRUE,FALSE,2010/7/10,,FALSE,20,20,0,10,33
57,62,"Cotton Garden Estate, Kennington",Kennington,990,51.4907579,-0.106323685,TRUE,FALSE,2010/7/10,,FALSE,3,3,0,20,24
58,63,"Murray Grove , Hoxton",Hoxton,989,51.53089041,-0.089782579,TRUE,FALSE,2010/7/10,,FALSE,7,7,0,20,27
59,64,"William IV Street, Strand",Strand,1028,51.50946212,-0.124749274,TRUE,FALSE,2010/7/10,,FALSE,21,17,4,3,26
60,65,"Gower Place , Euston",Euston,969,51.52522753,-0.13518856,TRUE,FALSE,2010/7/11,,FALSE,14,11,3,1,17
61,66,"Holborn Circus, Holborn",Holborn,982,51.51795029,-0.108657431,TRUE,FALSE,2010/7/11,,FALSE,25,17,8,14,40
62,67,"Hatton Garden, Holborn",Holborn,985,51.51882555,-0.108028472,TRUE,FALSE,2010/7/11,,FALSE,21,20,1,6,28
63,68,"Theobalds Road , Holborn",Holborn,975,51.52059681,-0.116688468,TRUE,FALSE,2010/7/11,,FALSE,3,1,2,22,26
64,69,"Euston Road, Euston",Euston,983,51.5262363,-0.134407652,TRUE,FALSE,2010/7/11,,FALSE,20,20,0,2,24
65,70,"Calshot Street , Kings Cross",Kings Cross,1066,51.53136059,-0.117069978,TRUE,FALSE,2010/7/11,,FALSE,2,2,0,18,24
66,71,"Newgate Street , St. Pauls",St. Pauls,1074,51.515768,-0.099894,TRUE,FALSE,2010/7/12,,FALSE,10,6,4,23,35
67,72,"Farringdon Lane, Clerkenwell",Clerkenwell,3432,51.52352001,-0.108340165,TRUE,FALSE,2010/6/19,,FALSE,13,13,0,2,16
68,73,"Old Street Station, St. Lukes",St. Lukes,1064,51.525615,-0.0885326,TRUE,FALSE,2010/7/12,,FALSE,20,20,0,12,34
69,74,"Vauxhall Cross, Vauxhall",Vauxhall,1000,51.48591714,-0.124469948,TRUE,FALSE,2010/7/12,,FALSE,6,6,0,5,17
70,75,"Torrens Street, Angel",Angel,1060,51.53219984,-0.105480698,TRUE,FALSE,2010/7/12,,FALSE,14,4,10,5,19
71,76,"Longford Street, The Regents Park",The Regents Park,976,51.52559505,-0.144083893,TRUE,FALSE,2010/7/12,,FALSE,4,2,2,16,21
72,77,"Russell Square Station, Bloomsbury",Bloomsbury,978,51.52341837,-0.124121774,TRUE,FALSE,2010/7/12,,FALSE,23,13,10,1,26
73,78,"Sadlers Sports Centre, Finsbury",Finsbury,3433,51.52486887,-0.099489485,TRUE,FALSE,2010/7/12,,FALSE,0,0,0,12,17
74,79,"Arundel Street, Temple",Temple,3455,51.511726,-0.11385596,TRUE,FALSE,2017/10/26,,FALSE,15,13,2,3,18
75,80,"Webber Street , Southwark",Southwark,3448,51.50069361,-0.102091246,TRUE,FALSE,2010/7/12,,FALSE,20,8,12,24,45
76,81,"Great Titchfield Street, Fitzrovia",Fitzrovia,3450,51.52025302,-0.141327271,TRUE,FALSE,2010/7/13,,FALSE,3,1,2,15,19
77,83,"Panton Street, West End",West End,3452,51.50963938,-0.131510949,TRUE,FALSE,2010/7/13,,FALSE,7,1,6,12,21
78,84,"Breams Buildings, Holborn",Holborn,3449,51.51593725,-0.111778348,TRUE,FALSE,2010/7/13,,FALSE,13,12,1,12,25
79,85,"Tanner Street, Bermondsey",Bermondsey,994,51.50064702,-0.078600401,TRUE,FALSE,2010/7/13,,FALSE,26,25,1,12,41
80,86,"Sancroft Street, Vauxhall",Vauxhall,3434,51.48947903,-0.115156562,TRUE,FALSE,2010/7/13,,FALSE,11,10,1,13,24
81,88,"Percy Street, Bloomsbury",Bloomsbury,1006,51.51863,-0.1326763,TRUE,FALSE,2010/7/13,,FALSE,4,3,1,24,29
82,89,"Tavistock Place, Bloomsbury",Bloomsbury,3439,51.5262503,-0.123509611,TRUE,FALSE,2010/7/13,,FALSE,8,8,0,11,19
83,90,"Harrington Square 1, Camden Town",Camden Town,1038,51.53301907,-0.139174593,TRUE,FALSE,2010/7/13,,FALSE,13,12,1,14,27
84,91,"Walnut Tree Walk, Vauxhall",Vauxhall,1076,51.49368637,-0.111014912,TRUE,FALSE,2010/7/13,,FALSE,4,4,0,14,20
85,92,"Borough Road, Elephant & Castle",Elephant & Castle,1082,51.49889832,-0.100440521,TRUE,FALSE,2010/7/13,,FALSE,30,28,2,11,41
86,93,"Cloudesley Road, Angel",Angel,2586,51.53440868,-0.109025404,TRUE,FALSE,2010/7/13,,FALSE,6,5,1,30,37
87,94,"Bricklayers Arms, Borough",Borough,1070,51.49506109,-0.085814489,TRUE,FALSE,2010/7/13,,FALSE,20,19,1,5,28
88,95,"Aldersgate Street, Barbican",Barbican,1065,51.5208417,-0.097340162,TRUE,FALSE,2010/7/14,,FALSE,1,1,0,12,15
89,96,"Falkirk Street, Hoxton",Hoxton,1047,51.53095071,-0.078505384,TRUE,FALSE,2010/7/14,,FALSE,7,5,2,19,26
90,97,"Gloucester Road (North), Kensington",Kensington,3447,51.49792478,-0.183834706,TRUE,FALSE,2010/7/14,,FALSE,7,7,0,10,18
91,98,"Hampstead Road, Euston",Euston,972,51.52554222,-0.138231303,TRUE,FALSE,2010/7/14,,FALSE,9,4,5,41,54
92,101,"Queen Street 1, Bank",Bank,999,51.51155322,-0.0929401,TRUE,FALSE,2010/7/14,,FALSE,9,8,1,12,22
93,102,"Jewry Street, Aldgate",Aldgate,1045,51.51340693,-0.076793375,TRUE,FALSE,2010/7/14,,FALSE,2,1,1,14,17
94,103,"Vicarage Gate, Kensington",Kensington,3441,51.50472376,-0.192538767,TRUE,FALSE,2010/7/14,,FALSE,7,7,0,11,18
95,104,"Crosswall, Tower",Tower,991,51.51159481,-0.077121322,TRUE,FALSE,2010/7/14,,FALSE,20,9,11,11,34
96,105,"Westbourne Grove, Bayswater",Bayswater,1041,51.51552971,-0.190240716,TRUE,FALSE,2010/7/14,,FALSE,23,22,1,3,26
97,106,"Woodstock Street, Mayfair",Mayfair,1042,51.51410514,-0.147301667,TRUE,FALSE,2010/7/14,,FALSE,13,8,5,8,21
98,107,"Finsbury Leisure Centre, St. Lukes",St. Lukes,1049,51.52600832,-0.096317627,TRUE,FALSE,2010/7/14,,FALSE,4,2,2,16,20
99,109,"Soho Square , Soho",Soho,1052,51.51563144,-0.132328837,TRUE,FALSE,2010/7/14,,FALSE,41,28,13,11,57
100,110,"Wellington Road, St. Johns Wood",St. Johns Wood,1055,51.53304322,-0.172528678,TRUE,FALSE,2010/7/14,,FALSE,10,9,1,7,17
101,111,"Park Lane , Hyde Park",Hyde Park,1037,51.5100172,-0.157275636,TRUE,FALSE,2010/7/14,,FALSE,8,8,0,15,28
102,112,"Stonecutter Street, Holborn",Holborn,1061,51.51580998,-0.105270275,TRUE,FALSE,2010/7/14,,FALSE,1,1,0,18,21
103,113,"Gloucester Road (Central), South Kensington",South Kensington,3435,51.49646288,-0.183289032,TRUE,FALSE,2010/7/14,,FALSE,6,5,1,11,19
104,114,"Park Road (Baker Street), The Regents Park",The Regents Park,1050,51.52451738,-0.158963647,TRUE,FALSE,2010/7/14,,FALSE,21,19,2,0,22
105,115,"Braham Street, Aldgate",Aldgate,1062,51.51423368,-0.073537654,TRUE,FALSE,2010/7/14,,FALSE,12,9,3,19,34
106,116,"Little Argyll Street, West End",West End,995,51.51449962,-0.141423695,TRUE,FALSE,2010/7/14,,FALSE,18,8,10,0,21
107,117,"Lollard Street, Vauxhall",Vauxhall,998,51.49288067,-0.114934001,TRUE,FALSE,2010/7/14,,FALSE,5,5,0,20,25
108,118,"Rochester Row, Westminster",Westminster,3457,51.49582705,-0.13547809,TRUE,FALSE,2010/7/14,,FALSE,3,3,0,7,13
109,119,"Bath Street, St. Lukes",St. Lukes,964,51.52589324,-0.090847761,TRUE,FALSE,2010/7/14,,FALSE,4,3,1,9,18
110,120,"The Guildhall, Guildhall",Guildhall,1044,51.51573534,-0.093080779,TRUE,FALSE,2010/7/15,,FALSE,10,10,0,5,17
111,121,"Baker Street, Marylebone",Marylebone,1086,51.51891348,-0.156166631,TRUE,FALSE,2010/7/15,,FALSE,10,9,1,11,22
112,123,"St. John Street, Finsbury",Finsbury,992,51.52836014,-0.104724625,TRUE,FALSE,2010/7/15,,FALSE,8,7,1,8,18
113,124,"Eaton Square, Belgravia",Belgravia,1069,51.49654462,-0.150905245,TRUE,FALSE,2010/7/15,,FALSE,3,2,1,11,18
114,125,"Borough High Street, The Borough",The Borough,996,51.50069491,-0.094524319,TRUE,FALSE,2010/7/15,,FALSE,19,19,0,1,21
115,126,"Museum of London, Barbican",Barbican,1043,51.51782144,-0.096496865,TRUE,FALSE,2010/7/15,,FALSE,11,11,0,37,52
116,127,"Wood Street, Guildhall",Guildhall,1063,51.51700801,-0.09388536,TRUE,FALSE,2010/7/15,,FALSE,2,1,1,13,17
117,128,"Emperors Gate, South Kensington",South Kensington,1116,51.49536226,-0.185296516,TRUE,FALSE,2010/7/15,,FALSE,1,0,1,20,22
118,129,"Golden Square, Soho",Soho,3451,51.5118973,-0.137043852,TRUE,FALSE,2010/7/15,,FALSE,14,11,3,2,18
119,130,"Tower Gardens , Tower",Tower,1071,51.50950627,-0.075459482,TRUE,FALSE,2010/7/15,,FALSE,12,12,0,8,24
120,131,"Eversholt Street , Camden Town",Camden Town,1005,51.53300545,-0.136792671,TRUE,FALSE,2010/7/15,,FALSE,1,0,1,14,16
121,132,"Bethnal Green Road, Shoreditch",Shoreditch,973,51.52364804,-0.074754872,TRUE,FALSE,2010/7/15,,FALSE,24,22,2,12,38
122,133,"Derry Street, Kensington",Kensington,3436,51.50136494,-0.191462381,TRUE,FALSE,2010/7/15,,FALSE,14,12,2,3,18
123,134,"Wapping High Street, Wapping",Wapping,1039,51.504904,-0.06797,TRUE,FALSE,2010/7/15,,FALSE,11,11,0,8,20
124,135,"Clerkenwell Green, Clerkenwell",Clerkenwell,1053,51.52326004,-0.104708922,TRUE,FALSE,2010/7/15,,FALSE,10,10,0,9,21
125,136,"Queen Victoria Street, St. Pauls",St. Pauls,1048,51.51196176,-0.097441687,TRUE,FALSE,2010/7/15,,FALSE,22,20,2,7,32
126,138,"Green Street, Mayfair",Mayfair,3464,51.51227622,-0.157436972,TRUE,FALSE,2010/7/15,,FALSE,12,8,4,6,19
127,139,"Lambeth Road, Vauxhall",Vauxhall,1078,51.49488108,-0.117974901,TRUE,FALSE,2010/7/15,,FALSE,7,5,2,9,18
128,140,"Finsbury Square , Moorgate",Moorgate,1056,51.52096262,-0.085634242,TRUE,FALSE,2010/7/15,,FALSE,14,14,0,18,33
129,141,"Chapel Place, Marylebone",Marylebone,1003,51.51530805,-0.147203711,TRUE,FALSE,2010/7/15,,FALSE,7,5,2,21,29
130,142,"West Cromwell Road, Earls Court",Earls Court,1001,51.49372451,-0.198286569,TRUE,FALSE,2010/7/15,,FALSE,12,9,3,12,24
131,143,"Pont Street, Knightsbridge",Knightsbridge,1114,51.4968865,-0.161203828,TRUE,FALSE,2010/7/15,,FALSE,18,16,2,2,24
132,144,"Kennington Cross, Kennington",Kennington,1093,51.48894022,-0.111435796,TRUE,FALSE,2010/7/15,,FALSE,33,33,0,14,47
133,145,"Ilchester Place, Kensington",Kensington,1115,51.50074359,-0.202759212,TRUE,FALSE,2010/7/15,,FALSE,7,7,0,17,24
134,146,"Vauxhall Bridge , Pimlico",Pimlico,1046,51.48836528,-0.129361842,TRUE,FALSE,2010/7/15,,FALSE,9,8,1,25,35
135,147,"Portugal Street, Holborn",Holborn,3456,51.51494305,-0.11614642,TRUE,FALSE,2010/7/15,,FALSE,9,9,0,4,16
136,148,"Tachbrook Street, Victoria",Victoria,965,51.49211134,-0.138364847,TRUE,FALSE,2015/1/1,,FALSE,15,13,2,1,16
137,149,"Kennington Road Post Office, Oval",Oval,1073,51.48478899,-0.110683213,TRUE,FALSE,2010/7/15,,FALSE,8,8,0,7,18
138,150,"Holy Trinity Brompton, Knightsbridge",Knightsbridge,1002,51.49705603,-0.168917077,TRUE,FALSE,2010/7/15,,FALSE,1,1,0,23,28
139,151,"Chepstow Villas, Notting Hill",Notting Hill,1120,51.51213691,-0.201554966,TRUE,FALSE,2010/7/15,,FALSE,10,2,8,15,26
140,152,"Hampton Street, Walworth",Walworth,1118,51.49217002,-0.101536865,TRUE,FALSE,2010/7/15,,FALSE,14,14,0,3,21
141,153,"Bayswater Road, Hyde Park",Hyde Park,1096,51.511933,-0.174411,TRUE,FALSE,2010/7/15,,FALSE,24,22,2,1,27
142,154,"Waterloo Station 3, Waterloo",Waterloo,1072,51.50379168,-0.11282408,TRUE,FALSE,2015/1/1,,FALSE,12,3,9,19,35
143,155,"Lexham Gardens, Kensington",Kensington,1121,51.49586666,-0.191933711,TRUE,FALSE,2010/7/16,,FALSE,3,2,1,14,19
144,156,"New Kent Road, The Borough",The Borough,966,51.49443626,-0.092921165,TRUE,FALSE,2010/7/16,,FALSE,27,27,0,6,33
145,157,"Wrights Lane, Kensington",Kensington,1094,51.50039792,-0.193068385,TRUE,FALSE,2010/7/16,,FALSE,16,12,4,18,37
146,158,"Trebovir Road, Earls Court",Earls Court,1113,51.49085368,-0.196170309,TRUE,FALSE,2010/7/16,,FALSE,5,4,1,10,18
147,160,"Waterloo Place, St. Jamess",St. Jamess,3458,51.50663341,-0.131773845,TRUE,FALSE,2010/7/16,,FALSE,14,14,0,2,20
148,161,"Guildhouse Street, Victoria",Victoria,3478,51.49234577,-0.141334487,TRUE,FALSE,2010/7/16,,FALSE,13,13,0,3,16
149,162,"Southampton Place, Holborn",Holborn,1123,51.51760685,-0.121328408,TRUE,FALSE,2010/7/16,,FALSE,3,3,0,12,20
150,163,"Sloane Avenue, Knightsbridge",Knightsbridge,3461,51.4931848,-0.167894973,TRUE,FALSE,2010/7/16,,FALSE,8,5,3,18,27
151,164,"Cleveland Gardens, Bayswater",Bayswater,1178,51.515607,-0.183118788,TRUE,FALSE,2010/7/16,,FALSE,0,0,0,16,16
152,165,"Orsett Terrace, Bayswater",Bayswater,2585,51.517932,-0.183716959,TRUE,FALSE,2010/7/16,,FALSE,2,0,2,13,15
153,166,"Seville Street, Knightsbridge",Knightsbridge,1177,51.50185512,-0.159237081,TRUE,FALSE,2010/7/16,,FALSE,13,8,5,12,27
154,167,"Eccleston Place, Victoria",Victoria,3465,51.49395092,-0.147624377,TRUE,FALSE,2015/1/1,,FALSE,16,8,8,2,19
155,168,"Argyll Road, Kensington",Kensington,3463,51.50040123,-0.195455928,TRUE,FALSE,2010/7/16,,FALSE,4,1,3,15,19
156,169,"Porchester Place, Paddington",Paddington,3477,51.5147461,-0.165164,TRUE,FALSE,2010/7/16,,FALSE,4,2,2,10,18
157,170,"Hardwick Street, Clerkenwell",Clerkenwell,1057,51.5278427,-0.1080682,TRUE,FALSE,2010/7/16,,FALSE,9,5,4,20,30
158,171,"Collingham Gardens, Earls Court",Earls Court,3459,51.4916156,-0.186753859,TRUE,FALSE,2010/7/16,,FALSE,1,1,0,12,14
159,172,"Sumner Place, South Kensington",South Kensington,1124,51.49121192,-0.173715911,TRUE,FALSE,2010/7/16,,FALSE,11,10,1,7,19
160,173,"Waterloo Road, South Bank",South Bank,1176,51.50486,-0.113001,TRUE,FALSE,2010/7/16,,FALSE,12,12,0,2,15
161,175,"Worship Street, Shoreditch",Shoreditch,997,51.521668,-0.079608554,TRUE,FALSE,2018/6/22,,FALSE,22,20,2,29,51
162,176,"Gloucester Terrace, Bayswater",Bayswater,1173,51.51791921,-0.188098863,TRUE,FALSE,2010/7/16,,FALSE,15,15,0,8,23
163,177,"Ashley Place, Victoria",Victoria,1122,51.49616092,-0.140947636,TRUE,FALSE,2010/7/16,,FALSE,1,0,1,23,25
164,178,"Warwick Square, Pimlico",Pimlico,3460,51.48985626,-0.141923621,TRUE,FALSE,2010/7/16,,FALSE,3,3,0,15,19
165,180,"North Audley Street, Mayfair",Mayfair,1126,51.5129118,-0.153645496,TRUE,FALSE,2010/7/16,,FALSE,15,13,2,0,17
166,181,"Belgrave Square, Belgravia",Belgravia,3473,51.49941247,-0.152317537,TRUE,FALSE,2010/7/16,,FALSE,11,9,2,8,21
167,182,"Bell Street , Marylebone",Marylebone,1166,51.52202903,-0.165842551,TRUE,FALSE,2010/7/17,,FALSE,11,11,0,5,18
168,183,"Riverlight North, Nine Elms",Nine Elms,1165,51.482362,-0.13612398,TRUE,FALSE,2010/7/17,,FALSE,0,0,0,23,24
169,184,"Portland Place, Marylebone",Marylebone,1164,51.52071513,-0.14521173,TRUE,FALSE,2010/7/17,,FALSE,7,6,1,24,34
170,185,"Alderney Street, Pimlico",Pimlico,1174,51.48805753,-0.140741432,TRUE,FALSE,2010/7/17,,FALSE,0,0,0,12,14
171,186,"South Wharf Road, Paddington",Paddington,1167,51.51733558,-0.175810943,TRUE,FALSE,2010/7/17,,FALSE,11,10,1,4,16
172,187,"Queens Gate (South), South Kensington",South Kensington,1172,51.49247977,-0.178433004,TRUE,FALSE,2010/7/17,,FALSE,23,20,3,2,25
173,188,"Nutford Place, Marylebone",Marylebone,1112,51.5165179,-0.164393768,TRUE,FALSE,2010/7/17,,FALSE,9,9,0,8,18
174,189,"Claremont Square, Angel",Angel,1104,51.53166681,-0.109914711,TRUE,FALSE,2010/7/17,,FALSE,12,0,12,4,18
175,190,"Rampayne Street, Pimlico",Pimlico,1106,51.48997562,-0.132845681,TRUE,FALSE,2010/7/17,,FALSE,7,7,0,11,21
176,191,"Hyde Park Corner, Hyde Park",Hyde Park,1075,51.50311799,-0.153520935,TRUE,FALSE,2010/7/17,,FALSE,19,18,1,13,36
177,192,"Wardour Street, Soho",Soho,1163,51.51251523,-0.133201961,TRUE,FALSE,2010/7/17,,FALSE,9,5,4,3,16
178,193,"Bankside Mix, Bankside",Bankside,963,51.50581776,-0.100186337,TRUE,FALSE,2010/7/17,,FALSE,53,48,5,6,60
179,194,"Hop Exchange, The Borough",The Borough,960,51.50462759,-0.091773776,TRUE,FALSE,2010/7/17,,FALSE,53,49,4,0,56
180,195,"Milroy Walk, South Bank",South Bank,959,51.50724437,-0.106237501,TRUE,FALSE,2010/7/17,,FALSE,26,25,1,1,30
181,196,"Union Street, The Borough",The Borough,961,51.50368837,-0.098497684,TRUE,FALSE,2010/7/17,,FALSE,15,14,1,2,17
182,197,"Stamford Street, South Bank",South Bank,962,51.50556905,-0.111606696,TRUE,FALSE,2010/7/17,,FALSE,1,1,0,26,27
183,199,"Great Tower Street, Monument",Monument,1080,51.51048489,-0.082989638,TRUE,FALSE,2010/7/18,,FALSE,5,5,0,11,24
184,200,"LMU Commercial Road, Whitechapel",Whitechapel,1105,51.51492456,-0.066078037,TRUE,FALSE,2010/7/18,,FALSE,5,4,1,9,14
185,201,"Dorset Square, Marylebone",Marylebone,1162,51.5225965,-0.161113413,TRUE,FALSE,2010/7/18,,FALSE,13,12,1,1,16
186,202,"Leman Street, Aldgate",Aldgate,1102,51.51236389,-0.06954201,TRUE,FALSE,2010/7/18,,FALSE,10,10,0,24,37
187,203,"West Smithfield Rotunda, Farringdon",Farringdon,1040,51.51821864,-0.100791005,TRUE,FALSE,2010/7/18,,FALSE,6,5,1,7,15
188,204,"Margery Street, Clerkenwell",Clerkenwell,3468,51.52659961,-0.112432615,TRUE,FALSE,2010/7/18,,FALSE,10,10,0,8,19
189,206,"New Road 1 , Whitechapel",Whitechapel,1171,51.518154,-0.062697,TRUE,FALSE,2010/7/18,,FALSE,32,32,0,0,36
190,207,"Grosvenor Crescent, Belgravia",Belgravia,1169,51.50135267,-0.153194766,TRUE,FALSE,2010/7/19,,FALSE,2,0,2,16,18
191,208,"Mallory Street, Marylebone",Marylebone,1175,51.52505151,-0.166304359,TRUE,FALSE,2010/7/18,,FALSE,1,1,0,17,20
192,209,"Denyer Street, Knightsbridge",Knightsbridge,3454,51.49358391,-0.165101392,TRUE,FALSE,2010/7/19,,FALSE,1,0,1,29,30
193,210,"Hinde Street, Marylebone",Marylebone,3476,51.51681444,-0.151926305,TRUE,FALSE,2010/7/19,,FALSE,16,8,8,3,21
194,211,"Cadogan Place, Knightsbridge",Knightsbridge,3469,51.49464523,-0.158105512,TRUE,FALSE,2010/7/19,,FALSE,21,13,8,12,34
195,212,"Campden Hill Road, Notting Hill",Notting Hill,3487,51.50658458,-0.199004026,TRUE,FALSE,2010/7/19,,FALSE,1,0,1,15,17
196,213,"Wellington Arch, Hyde Park",Hyde Park,1109,51.50274025,-0.149569201,TRUE,FALSE,2010/7/19,,FALSE,30,23,7,5,36
197,214,"Endsleigh Gardens, Euston",Euston,1079,51.52683806,-0.130504336,TRUE,FALSE,2010/7/19,,FALSE,16,11,5,13,32
198,215,"Moorfields, Moorgate",Moorgate,1092,51.51906932,-0.088285377,TRUE,FALSE,2010/7/19,,FALSE,21,20,1,26,54
199,216,"Old Brompton Road, South Kensington",South Kensington,3479,51.49094565,-0.181190899,TRUE,FALSE,2010/7/19,,FALSE,7,7,0,20,30
200,217,"Wormwood Street, Liverpool Street",Liverpool Street,2587,51.51615461,-0.082422399,TRUE,FALSE,2010/7/19,,FALSE,13,11,2,1,16
201,218,"St. Lukes Church, Chelsea",Chelsea,3486,51.48971651,-0.170194408,TRUE,FALSE,2010/7/19,,FALSE,2,2,0,18,20
202,219,"Bramham Gardens, Earls Court",Earls Court,1183,51.49016361,-0.19039362,TRUE,FALSE,2010/7/19,,FALSE,8,7,1,19,29
203,220,"Chelsea Green, Chelsea",Chelsea,1179,51.49066456,-0.166485083,TRUE,FALSE,2010/7/19,,FALSE,3,2,1,11,15
204,221,"Horseferry Road, Westminster",Westminster,1170,51.49481649,-0.13045856,TRUE,FALSE,2010/7/19,,FALSE,9,9,0,7,16
205,222,"Knightsbridge, Hyde Park",Hyde Park,1101,51.50275704,-0.155349725,TRUE,FALSE,2010/7/20,,FALSE,29,26,3,14,43
206,223,"Rodney Road , Walworth",Walworth,3481,51.49148474,-0.090220911,TRUE,FALSE,2010/7/20,,FALSE,21,20,1,3,24
207,224,"Queensway, Kensington Gardens",Kensington Gardens,1150,51.51031,-0.18740235,TRUE,FALSE,2010/7/20,,FALSE,1,1,0,15,17
208,225,"Notting Hill Gate Station, Notting Hill",Notting Hill,1182,51.50935342,-0.196422,TRUE,FALSE,2010/7/20,,FALSE,8,7,1,18,30
209,226,"Charles II Street, West End",West End,3488,51.50844614,-0.131961389,TRUE,FALSE,2010/7/20,,FALSE,5,5,0,17,24
210,227,"Great Percy Street, Clerkenwell",Clerkenwell,3470,51.52891573,-0.115480888,TRUE,FALSE,2010/7/20,,FALSE,19,18,1,3,23
211,228,"St. Jamess Square, St. Jamess",St. Jamess,1067,51.50742485,-0.134621209,TRUE,FALSE,2010/7/20,,FALSE,25,16,9,9,40
212,229,"Whitehall Place, Strand",Strand,1151,51.50654321,-0.123179697,TRUE,FALSE,2010/7/20,,FALSE,15,14,1,31,46
213,230,"Poured Lines, Bankside",Bankside,1144,51.50669284,-0.103137426,TRUE,FALSE,2010/7/20,,FALSE,14,14,0,15,31
214,231,"Queens Gate (Central), South Kensington",South Kensington,1089,51.49396755,-0.17873226,TRUE,FALSE,2010/7/20,,FALSE,15,14,1,11,31
215,232,"Carey Street, Holborn",Holborn,1139,51.51501025,-0.112753217,TRUE,FALSE,2010/7/20,,FALSE,7,5,2,6,16
216,233,"Pall Mall East, West End",West End,1153,51.50777049,-0.130699733,TRUE,FALSE,2010/7/20,,FALSE,20,20,0,1,22
217,234,"Liverpool Road (N1 Centre), Angel",Angel,1081,51.53450449,-0.106992706,TRUE,FALSE,2010/7/20,,FALSE,7,3,4,14,24
218,235,"Kennington Road, Vauxhall",Vauxhall,1154,51.49571828,-0.110889274,TRUE,FALSE,2010/7/20,,FALSE,14,14,0,20,36
219,236,"Fashion Street, Whitechapel",Whitechapel,3483,51.51838043,-0.073438925,TRUE,FALSE,2010/7/20,,FALSE,27,23,4,0,30
220,237,"Dock Street, Wapping",Wapping,3467,51.50978602,-0.068161981,TRUE,FALSE,2010/7/22,,FALSE,13,10,3,16,30
221,238,"Frampton Street, Paddington",Paddington,1099,51.5233534,-0.175116099,TRUE,FALSE,2010/7/20,,FALSE,25,24,1,6,32
222,239,"Warren Street Station, Euston",Euston,1090,51.52443845,-0.138019439,TRUE,FALSE,2010/7/20,,FALSE,10,7,3,13,26
223,240,"Colombo Street, Southwark",Southwark,3472,51.50545935,-0.10569204,TRUE,FALSE,2010/7/20,,FALSE,11,11,0,3,14
224,242,"Beaumont Street, Marylebone",Marylebone,3482,51.52200801,-0.151359288,TRUE,FALSE,2010/7/20,,FALSE,8,8,0,13,23
225,243,"Gloucester Street, Pimlico",Pimlico,1103,51.49096258,-0.139625122,TRUE,FALSE,2010/7/20,,FALSE,2,2,0,23,25
226,244,"Bucknall Street, Covent Garden",Covent Garden,1145,51.51615,-0.1284177,TRUE,FALSE,2010/7/20,,FALSE,14,9,5,2,18
227,245,"Grosvenor Road, Pimlico",Pimlico,1140,51.4853572,-0.142207481,TRUE,FALSE,2010/7/20,,FALSE,13,13,0,14,29
228,246,"Berry Street, Clerkenwell",Clerkenwell,1159,51.52285301,-0.099994052,TRUE,FALSE,2010/7/20,,FALSE,16,12,4,20,41
229,247,"St. Johns Wood Church, The Regents Park",The Regents Park,1091,51.530529,-0.167515,TRUE,FALSE,2010/7/20,,FALSE,5,3,2,43,50
230,248,"Triangle Car Park, Hyde Park",Hyde Park,1088,51.50645179,-0.170279555,TRUE,FALSE,2010/7/20,,FALSE,1,0,1,24,27
231,249,"Harper Road, The Borough",The Borough,1137,51.49859784,-0.096191134,TRUE,FALSE,2010/7/20,,FALSE,29,28,1,11,42
232,250,"Royal Avenue 1, Chelsea",Chelsea,3440,51.489932,-0.162727,TRUE,FALSE,2010/7/20,,FALSE,5,5,0,5,10
233,251,"Brushfield Street, Liverpool Street",Liverpool Street,1161,51.518908,-0.079249,TRUE,FALSE,2010/7/21,,FALSE,26,24,2,6,34
234,253,"Shoreditch Park, Hoxton",Hoxton,1051,51.53404294,-0.086379717,TRUE,FALSE,2010/7/21,,FALSE,7,6,1,22,30
235,254,"Chadwell Street, Angel",Angel,3471,51.53051587,-0.106408455,TRUE,FALSE,2010/7/21,,FALSE,9,5,4,7,18
236,255,"Clifton Road, Maida Vale",Maida Vale,1147,51.52557531,-0.179592915,TRUE,FALSE,2010/7/21,,FALSE,15,11,4,6,22
237,256,"Houghton Street, Strand",Strand,3484,51.51362054,-0.116764211,TRUE,FALSE,2010/7/21,,FALSE,10,10,0,3,15
238,257,"Westminster University, Marylebone",Marylebone,1194,51.52248185,-0.154907218,TRUE,FALSE,2010/7/21,,FALSE,10,9,1,5,16
239,258,"Kensington Gore, Knightsbridge",Knightsbridge,1193,51.50143293,-0.178656971,TRUE,FALSE,2010/7/21,,FALSE,4,3,1,19,23
240,259,"Bourne Street, Belgravia",Belgravia,1180,51.490959,-0.1532331,TRUE,FALSE,2010/7/21,,FALSE,10,7,3,6,16
241,260,"Broadwick Street, Soho",Soho,3489,51.5136846,-0.135580879,TRUE,FALSE,2010/7/21,,FALSE,9,7,2,6,18
242,261,"Princes Square, Bayswater",Bayswater,3491,51.5134891,-0.191351186,TRUE,FALSE,2010/7/21,,FALSE,3,2,1,11,16
243,262,"LSBU (Borough Road), Elephant & Castle",Elephant & Castle,1095,51.49874469,-0.103132904,TRUE,FALSE,2010/7/21,,FALSE,24,20,4,9,35
244,263,"St. Mary Axe, Aldgate",Aldgate,1184,51.51422502,-0.080660083,TRUE,FALSE,2010/7/21,,FALSE,6,4,2,13,21
245,264,"Tysoe Street, Clerkenwell",Clerkenwell,1146,51.52644342,-0.109256828,TRUE,FALSE,2010/7/21,,FALSE,11,10,1,6,20
246,265,"Southwick Street, Paddington",Paddington,3490,51.51595344,-0.169249375,TRUE,FALSE,2010/7/21,,FALSE,11,8,3,2,17
247,266,"Queens Gate (North), Kensington",Kensington,1204,51.50102668,-0.180246101,TRUE,FALSE,2010/7/21,,FALSE,8,4,4,29,41
248,267,"Regency Street, Westminster",Westminster,1155,51.49206037,-0.132224622,TRUE,FALSE,2010/7/21,,FALSE,14,14,0,6,22
249,268,"Belgrave Road, Victoria",Victoria,1087,51.49320445,-0.144132875,TRUE,FALSE,2010/7/21,,FALSE,20,16,4,5,29
250,269,"Empire Square, The Borough",The Borough,1209,51.50082346,-0.089740764,TRUE,FALSE,2010/7/21,,FALSE,43,41,2,1,46
251,271,"London Zoo,  The Regents Park",The Regents Park,1136,51.53583617,-0.156285395,TRUE,FALSE,2010/7/21,,FALSE,16,15,1,15,32
252,272,"Baylis Road, Waterloo",Waterloo,1133,51.50144456,-0.110699309,TRUE,FALSE,2010/7/21,,FALSE,20,19,1,2,22
253,273,"Belvedere Road 1, South Bank",South Bank,1186,51.50613324,-0.114686385,TRUE,FALSE,2010/7/21,,FALSE,13,12,1,21,38
254,274,"Warwick Road, Olympia",Olympia,1134,51.49671237,-0.20528437,TRUE,FALSE,2010/7/21,,FALSE,3,3,0,27,36
255,275,"Barbican Centre, Barbican",Barbican,1191,51.52004497,-0.092176447,TRUE,FALSE,2010/7/21,,FALSE,6,6,0,11,19
256,276,"Lower Thames Street, Monument",Monument,1098,51.50930161,-0.084985356,TRUE,FALSE,2010/7/21,,FALSE,4,4,0,18,24
257,277,"Kensington Church Street, Kensington",Kensington,1143,51.50315739,-0.191496313,TRUE,FALSE,2010/7/21,,FALSE,13,10,3,2,17
258,278,"Tooley Street, Bermondsey",Bermondsey,1142,51.5034938,-0.07962099,TRUE,FALSE,2010/7/21,,FALSE,23,23,0,0,27
259,279,"North Wharf Road, Paddington",Paddington,1108,51.518623,-0.176603,TRUE,FALSE,2010/7/21,,FALSE,2,2,0,17,23
260,280,"Royal Avenue 2, Chelsea",Chelsea,3462,51.490083,-0.162418,TRUE,FALSE,2010/7/21,,FALSE,7,6,1,2,10
261,281,"Smith Square, Westminster",Westminster,3480,51.49580589,-0.127575233,TRUE,FALSE,2010/7/21,,FALSE,16,16,0,1,18
262,282,"Royal London Hospital, Whitechapel",Whitechapel,1077,51.518675,-0.06111,TRUE,FALSE,2010/7/21,,FALSE,37,36,1,2,42
263,283,"Kingsway, Covent Garden",Covent Garden,1141,51.51440928,-0.118478757,TRUE,FALSE,2010/7/21,,FALSE,16,13,3,0,16
264,284,"Lambeth North Station, Waterloo",Waterloo,1117,51.49914063,-0.112031483,TRUE,FALSE,2010/7/21,,FALSE,13,11,2,4,20
265,286,"St. Johns Wood Road, St. Johns Wood",St. Johns Wood,1187,51.5272947,-0.174653609,TRUE,FALSE,2010/7/21,,FALSE,20,17,3,14,35
266,287,"Bedford Way, Bloomsbury",Bloomsbury,1156,51.52367314,-0.128377673,TRUE,FALSE,2010/7/21,,FALSE,9,3,6,12,23
267,288,"Elizabeth Bridge, Victoria",Victoria,1138,51.49236962,-0.147478734,TRUE,FALSE,2010/7/22,,FALSE,26,22,4,2,34
268,289,"South Audley Street, Mayfair",Mayfair,3493,51.50923,-0.15129,TRUE,FALSE,2010/7/22,,FALSE,4,3,1,11,15
269,290,"St Marys Hospital, Paddington",Paddington,3496,51.518268,-0.17110323,TRUE,FALSE,2010/7/22,,FALSE,12,8,4,4,20
270,291,"Claverton Street, Pimlico",Pimlico,1135,51.48483991,-0.138089062,TRUE,FALSE,2010/7/22,,FALSE,13,13,0,17,32
271,292,"Montpelier Street, Knightsbridge",Knightsbridge,1206,51.49888404,-0.165471605,TRUE,FALSE,2010/7/22,,FALSE,6,6,0,9,16
272,293,"Kensington Olympia Station, Olympia",Olympia,1214,51.49815779,-0.209494128,TRUE,FALSE,2010/7/22,,FALSE,3,3,0,20,25
273,294,"St. Georges Square, Pimlico",Pimlico,1195,51.488226,-0.135635511,TRUE,FALSE,2010/7/22,,FALSE,5,2,3,10,16
274,295,"Swan Street, The Borough",The Borough,1216,51.50029631,-0.092762704,TRUE,FALSE,2010/7/22,,FALSE,23,23,0,2,27
275,296,"Knaresborough Place, Earls Court",Earls Court,200069,51.49363156,-0.190603326,TRUE,FALSE,2013/8/23,,FALSE,14,13,1,2,18
276,297,"Geraldine Street, Elephant & Castle",Elephant & Castle,3498,51.49612799,-0.106000855,TRUE,FALSE,2010/7/22,,FALSE,5,4,1,12,17
277,298,"Curlew Street, Shad Thames",Shad Thames,1213,51.50227992,-0.074189225,TRUE,FALSE,2010/7/22,,FALSE,6,5,1,14,21
278,299,"Vincent Square, Westminster",Westminster,1196,51.49398524,-0.136928582,TRUE,FALSE,2010/7/22,,FALSE,11,11,0,8,19
279,300,"Serpentine Car Park, Hyde Park",Hyde Park,1217,51.505014,-0.17306032,TRUE,FALSE,2010/7/22,,FALSE,13,7,6,3,18
280,301,"Marylebone Lane, Marylebone",Marylebone,1152,51.51475963,-0.148105415,TRUE,FALSE,2010/7/22,,FALSE,11,7,4,11,24
281,302,"Putney Pier, Wandsworth",Wandsworth,3492,51.466907,-0.216573,TRUE,FALSE,2010/7/22,,FALSE,15,13,2,13,28
282,303,"Albert Gate, Hyde Park",Hyde Park,1132,51.50295379,-0.158456089,TRUE,FALSE,2010/7/22,,FALSE,12,5,7,19,34
283,306,"Rathbone Street, Fitzrovia",Fitzrovia,3497,51.51816295,-0.135025698,TRUE,FALSE,2010/7/22,,FALSE,0,0,0,14,16
284,307,"Black Lion Gate, Kensington Gardens",Kensington Gardens,1157,51.50990837,-0.187842717,TRUE,FALSE,2010/7/22,,FALSE,0,0,0,18,24
285,308,"Long Lane , Bermondsey",Bermondsey,1189,51.49907558,-0.085666316,TRUE,FALSE,2010/7/22,,FALSE,8,7,1,12,20
286,309,"Embankment (Savoy), Strand",Strand,1192,51.50963123,-0.119047563,TRUE,FALSE,2010/7/23,,FALSE,24,18,6,16,41
287,310,"Black Prince Road, Vauxhall",Vauxhall,1205,51.4908679,-0.116911864,TRUE,FALSE,2010/7/23,,FALSE,2,2,0,16,19
288,311,"Foley Street, Fitzrovia",Fitzrovia,3494,51.51918144,-0.140485596,TRUE,FALSE,2010/7/23,,FALSE,5,4,1,17,24
289,312,"Grove End Road, St. Johns Wood",St. Johns Wood,1130,51.53088935,-0.176770502,TRUE,FALSE,2010/7/23,,FALSE,7,6,1,12,20
290,313,"Wells Street, Fitzrovia",Fitzrovia,3495,51.51734403,-0.138072691,TRUE,FALSE,2010/7/23,,FALSE,8,5,3,27,38
291,314,"Tyers Gate, Bermondsey",Bermondsey,3485,51.50088934,-0.083159352,TRUE,FALSE,2010/7/23,,FALSE,35,34,1,0,36
292,315,"The Tennis Courts, The Regents Park",The Regents Park,1199,51.52536703,-0.153463612,TRUE,FALSE,2010/7/23,,FALSE,14,1,13,2,16
293,316,"Warwick Row, Westminster",Westminster,968,51.497998,-0.14296064,TRUE,FALSE,2010/7/23,2018/10/18,FALSE,15,15,0,2,21
294,317,"Dickens Square, Borough",Borough,1208,51.49679128,-0.093913472,TRUE,FALSE,2010/7/23,,FALSE,19,19,0,13,32
295,318,"Sackville Street, Mayfair",Mayfair,1197,51.51004801,-0.138846453,TRUE,FALSE,2010/7/23,,FALSE,14,13,1,3,18
296,319,"Baldwin Street, St. Lukes",St. Lukes,3500,51.52702563,-0.088542771,TRUE,FALSE,2010/7/23,,FALSE,12,11,1,9,21
297,320,"Queen Mother Sports Centre, Victoria",Victoria,1148,51.49357351,-0.139956043,TRUE,FALSE,2010/7/23,,FALSE,20,19,1,0,26
298,321,"Bermondsey Street, Bermondsey",Bermondsey,2637,51.49785559,-0.081608045,TRUE,FALSE,2010/7/23,,FALSE,7,7,0,16,24
299,322,"Palissy Street, Shoreditch",Shoreditch,3502,51.526293,-0.073955,TRUE,FALSE,2010/7/23,,FALSE,20,20,0,4,26
300,323,"Clifton Street, Shoreditch",Shoreditch,3501,51.523196,-0.083067,TRUE,FALSE,2010/7/23,,TRUE,10,9,1,14,24
301,324,"Ontario Street, Elephant & Castle",Elephant & Castle,1200,51.49652013,-0.101384068,TRUE,FALSE,2010/7/23,,FALSE,6,6,0,7,15
302,325,"St. Martins Street, West End",West End,1158,51.50908747,-0.129697889,TRUE,FALSE,2010/7/23,,FALSE,7,6,1,11,18
303,326,"Graham Street, Angel",Angel,1131,51.53266186,-0.099981142,TRUE,FALSE,2010/7/23,,FALSE,14,11,3,11,26
304,327,"Westbourne Green, Westbourne",Westbourne,1128,51.522168,-0.1928142,TRUE,FALSE,2010/7/26,,FALSE,2,2,0,16,21
305,328,"New North Road 2, Hoxton",Hoxton,2641,51.53114,-0.086016,TRUE,FALSE,2010/7/26,,FALSE,11,11,0,9,22
306,329,"Prince Albert Road, The Regents Park",The Regents Park,2636,51.53589283,-0.160854428,TRUE,FALSE,2010/7/26,,FALSE,13,6,7,9,24
307,330,"Eastbourne Mews, Paddington",Paddington,1203,51.51641749,-0.179135079,TRUE,FALSE,2010/7/26,,FALSE,14,11,3,18,34
308,331,"Bunhill Row, Moorgate",Moorgate,1211,51.52085887,-0.089887855,TRUE,FALSE,2010/7/26,,FALSE,8,7,1,19,30
309,332,"Nevern Place, Earls Court",Earls Court,1210,51.49334336,-0.194757949,TRUE,FALSE,2010/7/26,,FALSE,3,3,0,16,20
310,333,"Palace Gardens Terrace, Notting Hill",Notting Hill,2633,51.50860544,-0.193764092,TRUE,FALSE,2010/7/26,,FALSE,27,21,6,10,37
311,334,"Agar Grove, Camden Town",Camden Town,2635,51.542891,-0.132254,TRUE,FALSE,2010/7/26,,FALSE,1,1,0,16,18
312,335,"Tavistock Street, Covent Garden",Covent Garden,1207,51.51196803,-0.120718759,TRUE,FALSE,2010/7/26,,FALSE,30,23,7,0,33
313,336,"Concert Hall Approach, South Bank",South Bank,1212,51.504841,-0.1151532,TRUE,FALSE,2010/7/26,,FALSE,26,24,2,1,30
314,337,"Pembridge Villas, Notting Hill",Notting Hill,2589,51.51108452,-0.197524944,TRUE,FALSE,2010/7/26,,FALSE,1,0,1,14,16
315,338,"Wellington Street , Strand",Strand,1202,51.51175646,-0.119643424,TRUE,FALSE,2010/7/26,,FALSE,21,9,12,1,24
316,340,"Bank of England Museum, Bank",Bank,1201,51.51444134,-0.087587447,TRUE,FALSE,2010/7/27,,FALSE,12,9,3,3,16
317,341,"Craven Street, Strand",Strand,1160,51.50810309,-0.12602103,TRUE,FALSE,2010/7/27,,FALSE,15,14,1,2,23
318,344,"Goswell Road (City Uni), Finsbury",Finsbury,1222,51.528246,-0.10102611,TRUE,FALSE,2010/7/27,,FALSE,5,3,2,11,16
319,345,"Flood Street, Chelsea",Chelsea,1218,51.48802358,-0.166878535,TRUE,FALSE,2010/7/27,,FALSE,24,13,11,5,33
320,348,"Grosvenor Square, Mayfair",Mayfair,10627,51.51217033,-0.150481272,TRUE,FALSE,2010/9/15,,FALSE,7,5,2,8,17
321,349,"St. George Street, Mayfair",Mayfair,1221,51.51196,-0.142783033,TRUE,FALSE,2010/9/15,,FALSE,8,2,6,10,18
322,350,"Queens Gate, Kensington Gardens",Kensington Gardens,1231,51.50171544,-0.179854184,TRUE,FALSE,2010/9/29,,FALSE,6,1,5,12,21
323,351,"Macclesfield Rd, St Lukes",St Lukes,1226,51.529423,-0.097122,TRUE,FALSE,2010/10/11,,FALSE,3,0,3,17,28
324,352,"Vauxhall Street, Vauxhall",Vauxhall,1224,51.486965,-0.116625,TRUE,FALSE,2010/10/11,,FALSE,14,14,0,3,19
325,353,"Greycoat Street , Westminster",Westminster,10623,51.49459148,-0.134234258,TRUE,FALSE,2010/10/21,,FALSE,5,5,0,12,17
326,354,"Northumberland Avenue, Strand",Strand,1097,51.506767,-0.123702,TRUE,FALSE,2015/1/1,,FALSE,8,5,3,26,37
327,355,"Clapham Common Station, Clapham Common",Clapham Common,2694,51.461388,-0.13922146,TRUE,FALSE,2010/10/22,,FALSE,6,2,4,13,21
328,356,"South Kensington Station, South Kensington",South Kensington,2685,51.494412,-0.173881,TRUE,FALSE,2010/10/25,,FALSE,5,5,0,10,15
329,357,"Howland Street, Fitzrovia",Fitzrovia,2691,51.520994,-0.139016,TRUE,FALSE,2010/10/26,,FALSE,3,1,2,23,30
330,358,"High Holborn , Covent Garden",Covent Garden,1229,51.516398,-0.124257,TRUE,FALSE,2010/11/18,,FALSE,16,9,7,1,20
331,359,"Butler Place, Westminster",Westminster,2662,51.49782999,-0.135440826,TRUE,FALSE,2010/11/5,,FALSE,7,7,0,10,18
332,360,"Howick Place, Westminster",Westminster,2666,51.49675303,-0.138733562,TRUE,FALSE,2010/11/5,,FALSE,1,0,1,22,27
333,361,"Waterloo Station 2, Waterloo",Waterloo,2692,51.50391973,-0.11342629,TRUE,FALSE,2010/12/9,,FALSE,18,2,16,26,48
334,362,"Royal College Street, Camden Town",Camden Town,2686,51.536264,-0.133952,TRUE,FALSE,2010/11/18,,FALSE,46,45,1,8,57
335,363,"Lords, St. Johns Wood",St. Johns Wood,2665,51.5291212,-0.171185285,TRUE,FALSE,2010/11/16,,FALSE,7,7,0,15,24
336,364,"Store Street, Bloomsbury",Bloomsbury,3507,51.519572,-0.13214036,TRUE,FALSE,2010/11/18,,FALSE,17,8,9,13,32
337,365,"City Road, Angel",Angel,2690,51.530344,-0.100168,TRUE,FALSE,2010/11/24,,FALSE,38,37,1,8,47
338,366,"Millennium Hotel, Mayfair",Mayfair,1230,51.5109193,-0.151126385,TRUE,FALSE,2010/11/25,,FALSE,9,8,1,17,27
339,367,"Harrowby Street, Marylebone",Marylebone,2680,51.5173721,-0.1642075,TRUE,FALSE,2015/1/1,,FALSE,1,1,0,14,16
340,368,"Harriet Street, Knightsbridge",Knightsbridge,2681,51.50024195,-0.15934065,TRUE,FALSE,2010/12/1,,FALSE,23,16,7,0,25
341,370,"Paddington Green, Paddington",Paddington,2670,51.520205,-0.174593,TRUE,FALSE,2010/12/6,,FALSE,5,5,0,14,20
342,371,"King Edward Walk, Waterloo",Waterloo,2639,51.49775,-0.10988,TRUE,FALSE,2010/12/7,,FALSE,8,7,1,14,22
343,372,"Sardinia Street, Holborn",Holborn,2649,51.515208,-0.117863,TRUE,FALSE,2010/12/7,,FALSE,18,18,0,2,24
344,373,"Prince Consort Road, Knightsbridge",Knightsbridge,3499,51.49980661,-0.176415994,TRUE,FALSE,2011/1/19,,FALSE,18,15,3,0,18
345,374,"Waterloo Station 1, Waterloo",Waterloo,2696,51.50402794,-0.11386436,TRUE,FALSE,2010/12/7,,FALSE,30,25,5,1,36
346,375,"Kensington Town Hall, Kensington",Kensington,10632,51.50194596,-0.194392952,TRUE,FALSE,2010/12/8,,FALSE,4,4,0,13,18
347,376,"Millbank Tower, Pimlico",Pimlico,2683,51.49188409,-0.125674815,TRUE,FALSE,2011/1/10,,FALSE,18,16,2,4,24
348,377,"Waterloo Bridge, South Bank",South Bank,2648,51.50535447,-0.113656543,TRUE,FALSE,2011/1/17,,FALSE,11,11,0,2,15
349,378,"Natural History Museum, South Kensington",South Kensington,2677,51.49559291,-0.179077626,TRUE,FALSE,2011/1/27,,FALSE,9,6,3,32,42
350,379,"Turquoise Island, Notting Hill",Notting Hill,2682,51.51431171,-0.200838199,TRUE,FALSE,2011/1/27,,FALSE,3,1,2,18,21
351,380,"Stanhope Gate, Mayfair",Mayfair,3506,51.50686435,-0.150666888,TRUE,FALSE,2011/1/27,,FALSE,12,12,0,9,21
352,381,"Charlotte Street, Fitzrovia",Fitzrovia,2669,51.51953043,-0.13577731,TRUE,FALSE,2011/1/28,,FALSE,4,0,4,8,14
353,382,"Farm Street, Mayfair",Mayfair,2678,51.50935171,-0.14744969,TRUE,FALSE,2011/2/8,,FALSE,13,7,6,0,15
354,383,"Frith Street, Soho",Soho,2660,51.51310333,-0.13121385,TRUE,FALSE,2011/2/2,,FALSE,17,16,1,0,18
355,384,"Marloes Road, Kensington",Kensington,3505,51.496481,-0.192404,TRUE,FALSE,2011/2/3,,FALSE,2,1,1,12,15
356,386,"Moor Street, Soho",Soho,3504,51.51352755,-0.130110822,TRUE,FALSE,2011/2/3,,FALSE,14,8,6,1,16
357,387,"Fire Brigade Pier, Vauxhall",Vauxhall,2703,51.49369988,-0.121394101,TRUE,FALSE,2011/2/7,,FALSE,0,0,0,30,30
358,388,"Southampton Street, Strand",Strand,1228,51.51070161,-0.121723604,TRUE,FALSE,2011/2/8,,FALSE,11,8,3,2,14
359,389,"Upper Grosvenor Street, Mayfair",Mayfair,10621,51.51013066,-0.155757901,TRUE,FALSE,2011/2/10,,FALSE,2,2,0,16,18
360,390,"Buxton Street 1, Shoreditch",Shoreditch,1223,51.521776,-0.068856,TRUE,FALSE,2011/2/15,,FALSE,40,36,4,1,41
361,391,"Clifford Street, Mayfair",Mayfair,2688,51.51066202,-0.142345694,TRUE,FALSE,2011/2/17,2018/10/18,FALSE,11,8,3,6,17
362,392,"Imperial College, Knightsbridge",Knightsbridge,1220,51.49942855,-0.179702476,TRUE,FALSE,2011/2/17,,FALSE,26,17,9,3,33
363,393,"Snow Hill, Farringdon",Farringdon,2699,51.51733427,-0.103604248,TRUE,FALSE,2011/2/24,,FALSE,9,9,0,5,15
364,394,"Aberdeen Place, St. Johns Wood",St. Johns Wood,2698,51.524826,-0.176268,TRUE,FALSE,2015/1/1,,FALSE,8,4,4,7,18
365,395,"Cadogan Gardens, Chelsea",Chelsea,2695,51.492462,-0.159919,TRUE,FALSE,2011/2/28,,FALSE,15,11,4,0,15
366,396,"Shouldham Street, Marylebone",Marylebone,2693,51.51809,-0.163609,TRUE,FALSE,2011/3/2,,FALSE,2,1,1,14,16
367,397,"Devonshire Terrace, Bayswater",Bayswater,1227,51.51348,-0.17977,TRUE,FALSE,2011/3/2,,FALSE,5,5,0,10,16
368,398,"Holland Park, Kensington",Kensington,10631,51.502319,-0.200742,TRUE,FALSE,2011/3/2,,FALSE,0,0,0,29,30
369,399,"Brick Lane Market, Shoreditch",Shoreditch,2687,51.52261762,-0.071653961,TRUE,FALSE,2011/3/8,,FALSE,19,15,4,3,24
370,400,"George Street, Marylebone",Marylebone,1225,51.517703,-0.154106,TRUE,FALSE,2011/3/8,,FALSE,24,17,7,2,27
371,401,"Columbia Road, Shoreditch",Shoreditch,2701,51.528187,-0.075375,TRUE,FALSE,2011/3/8,,FALSE,13,12,1,9,24
372,402,"Penfold Street, Marylebone",Marylebone,10625,51.52289229,-0.171681991,TRUE,FALSE,2011/3/8,,FALSE,10,5,5,4,15
373,403,"George Place Mews, Marylebone",Marylebone,10630,51.51689296,-0.158249929,TRUE,FALSE,2011/3/8,,FALSE,11,10,1,3,16
374,404,"Palace Gate, Kensington Gardens",Kensington Gardens,1110,51.50204238,-0.184400221,TRUE,FALSE,2011/3/9,,FALSE,9,7,2,2,13
375,405,"Gloucester Road Station, South Kensington",South Kensington,1107,51.49418566,-0.18267094,TRUE,FALSE,2011/3/9,,FALSE,2,2,0,12,15
376,408,"Sun Street, Liverpool Street",Liverpool Street,1129,51.520009,-0.083935724,TRUE,FALSE,2015/1/1,,FALSE,6,4,2,17,24
377,409,"Strata, Elephant & Castle",Elephant & Castle,10624,51.493146,-0.099828,TRUE,FALSE,2015/1/1,,FALSE,8,8,0,30,41
378,411,"Rotherhithe Roundabout, Rotherhithe",Rotherhithe,10629,51.499169,-0.055846029,TRUE,FALSE,2015/1/1,,FALSE,10,9,1,8,19
379,412,"Cleaver Street, Kennington",Kennington,10628,51.488105,-0.110121,TRUE,FALSE,2011/4/5,,FALSE,0,0,0,17,17
380,419,"Chelsea Bridge, Pimlico",Pimlico,22160,51.485821,-0.149004,TRUE,FALSE,2011/6/22,,FALSE,1,1,0,13,15
381,421,"Southwark Station 2, Southwark",Southwark,22163,51.504044,-0.104778,TRUE,FALSE,2011/6/28,,FALSE,16,16,0,28,45
382,423,"Eaton Square (South), Belgravia",Belgravia,22164,51.49456127,-0.15393398,TRUE,FALSE,2011/7/5,,TRUE,10,10,0,21,31
383,424,"Ebury Bridge, Pimlico",Pimlico,22159,51.490491,-0.149186,TRUE,FALSE,2011/12/22,,FALSE,5,5,0,24,29
384,425,"Camley Street, Camden Town",Camden Town,22181,51.53792,-0.13053,TRUE,FALSE,2011/7/7,,FALSE,4,4,0,12,18
385,426,"Vincent Street, Pimlico",Pimlico,22161,51.493072,-0.129925,TRUE,FALSE,2011/7/12,,FALSE,7,7,0,9,17
386,427,"Cheapside, Bank",Bank,22180,51.51397065,-0.09294031,TRUE,FALSE,2011/7/15,,FALSE,13,10,3,27,43
387,428,"Exhibition Road, Knightsbridge",Knightsbridge,22179,51.499917,-0.174554,TRUE,FALSE,2011/10/13,,FALSE,16,13,3,0,20
388,430,"South Parade, Chelsea",Chelsea,22182,51.48902,-0.17524,TRUE,FALSE,2011/12/22,,FALSE,0,0,0,17,18
389,431,"Crinan Street, Kings Cross",Kings Cross,22183,51.534474,-0.122203,TRUE,FALSE,2011/12/8,,FALSE,12,12,0,8,20
390,432,"Exhibition Road Museums 1, South Kensington",South Kensington,22158,51.496468,-0.17379696,TRUE,FALSE,2011/10/24,,FALSE,9,6,3,0,13
391,433,"Wren Street, Holborn",Holborn,22169,51.524564,-0.116279,TRUE,FALSE,2011/12/8,,FALSE,1,0,1,31,33
392,435,"Kennington Station, Kennington",Kennington,22170,51.488852,-0.105593,TRUE,FALSE,2011/12/8,,FALSE,2,1,1,19,23
393,436,"Red Lion Street, Holborn",Holborn,22171,51.51824,-0.11655,TRUE,FALSE,2011/12/8,,FALSE,5,5,0,28,36
394,437,"Vauxhall Walk, Vauxhall",Vauxhall,200056,51.488124,-0.120903,TRUE,FALSE,2012/1/5,,FALSE,26,25,1,0,27
395,439,"Killick Street, Kings Cross",Kings Cross,200053,51.5338,-0.118677,TRUE,FALSE,2012/1/4,,FALSE,20,17,3,2,22
396,440,"Kennington Oval, Oval",Oval,200032,51.483145,-0.113134,TRUE,FALSE,2015/1/1,,FALSE,24,24,0,7,33
397,441,"Sail Street, Vauxhall",Vauxhall,200039,51.495656,-0.114605,TRUE,FALSE,2012/1/4,,FALSE,15,14,1,8,24
398,442,"Walmer Road, Avondale",Avondale,200035,51.510101,-0.211358,TRUE,FALSE,2012/1/7,,FALSE,2,2,0,22,24
399,443,"Philpot Street, Whitechapel",Whitechapel,200033,51.515256,-0.058641,TRUE,FALSE,2012/1/7,,FALSE,23,20,3,6,30
400,444,"Bethnal Green Garden, Bethnal Green",Bethnal Green,200047,51.52568,-0.055312,TRUE,FALSE,2012/1/7,,FALSE,16,13,3,7,24
401,445,"Cheshire Street, Bethnal Green",Bethnal Green,200003,51.52388,-0.065076,TRUE,FALSE,2012/1/7,,FALSE,14,10,4,14,28
402,446,"York Hall, Bethnal Green",Bethnal Green,200042,51.528936,-0.055894,TRUE,FALSE,2012/1/7,,FALSE,18,15,3,9,27
403,447,"Jubilee Crescent, Cubitt Town",Cubitt Town,200054,51.493381,-0.007542,TRUE,FALSE,2012/1/7,,FALSE,2,2,0,52,54
404,448,"Fishermans Walk West, Canary Wharf",Canary Wharf,22165,51.50623,-0.02296,TRUE,FALSE,2012/1/7,,FALSE,32,30,2,1,36
405,449,"Shadwell Station, Shadwell",Shadwell,200020,51.511088,-0.057159,TRUE,FALSE,2012/1/7,,FALSE,23,23,0,11,35
406,450,"Jubilee Street, Stepney",Stepney,200002,51.515975,-0.053177,TRUE,FALSE,2012/1/9,,FALSE,17,17,0,11,28
407,451,"Hermitage Court, Wapping",Wapping,200021,51.504719,-0.063531,TRUE,FALSE,2012/1/2,,FALSE,1,0,1,13,16
408,452,"St. Katharines Way, Tower",Tower,200049,51.505697,-0.070542,TRUE,FALSE,2012/1/9,,FALSE,13,11,2,11,24
409,453,"Garnet Street, Shadwell",Shadwell,200045,51.508447,-0.055167,TRUE,FALSE,2012/1/9,,FALSE,22,20,2,0,24
410,454,"Napier Avenue, Millwall",Millwall,200046,51.487679,-0.021582,TRUE,FALSE,2012/1/9,,FALSE,12,12,0,6,20
411,455,"East Ferry Road, Cubitt Town",Cubitt Town,200031,51.49447,-0.014409,TRUE,FALSE,2012/1/9,,FALSE,9,9,0,7,17
412,456,"Albert Street, Camden Town",Camden Town,200118,51.537706,-0.1448019,TRUE,FALSE,2012/1/10,,FALSE,20,15,5,4,26
413,457,"Castlehaven Road, Camden Town",Camden Town,200016,51.542138,-0.145393,TRUE,FALSE,2012/1/10,,FALSE,6,2,4,20,29
414,458,"Wapping Lane, Wapping",Wapping,200034,51.504749,-0.057544,TRUE,FALSE,2012/1/11,,FALSE,16,15,1,12,28
415,459,"Gunmakers Lane, Old Ford",Old Ford,200014,51.535179,-0.03338,TRUE,FALSE,2015/1/1,,FALSE,2,2,0,14,17
416,460,"Burdett Road, Mile End",Mile End,200123,51.516196,-0.029138,TRUE,FALSE,2012/1/11,,FALSE,10,9,1,22,33
417,461,"Aston Street, Stepney",Stepney,200013,51.516,-0.038775,TRUE,FALSE,2012/1/11,,TRUE,13,13,0,13,26
418,462,"Bonny Street, Camden Town",Camden Town,200105,51.541603,-0.138853,TRUE,FALSE,2012/1/11,,FALSE,8,7,1,33,45
419,463,"Thurtle Road, Haggerston",Haggerston,200093,51.534776,-0.071881,TRUE,FALSE,2015/1/1,,FALSE,15,13,2,5,22
420,464,"St. Mary & St. Michael Church, Stepney",Stepney,200082,51.51417,-0.052099,TRUE,FALSE,2012/1/11,,FALSE,22,21,1,2,25
421,465,"Pitfield Street North,Hoxton",Hoxton,200152,51.53558,-0.08249,TRUE,FALSE,2012/4/5,,FALSE,25,25,0,1,28
422,466,"Whiston Road, Haggerston",Haggerston,200158,51.534464,-0.076341,TRUE,FALSE,2012/1/12,,FALSE,10,10,0,10,21
423,467,"Southern Grove, Bow",Bow,200168,51.523538,-0.030556,TRUE,FALSE,2012/1/12,,FALSE,7,6,1,9,17
424,468,"Cantrell Road, Bow",Bow,200150,51.521564,-0.022694,TRUE,FALSE,2012/1/12,,FALSE,5,4,1,17,24
425,469,"Lindfield Street, Poplar",Poplar,22178,51.513757,-0.020467,TRUE,FALSE,2012/1/12,,FALSE,19,19,0,22,44
426,470,"Mostyn Grove, Bow",Bow,200174,51.530535,-0.025492,TRUE,FALSE,2012/1/17,,FALSE,5,5,0,41,46
427,471,"Hewison Street, Old Ford",Old Ford,200006,51.533283,-0.028155,TRUE,FALSE,2012/1/17,,FALSE,2,2,0,16,19
428,472,"Malmesbury Road, Bow",Bow,200019,51.529452,-0.027616,TRUE,FALSE,2012/1/17,,FALSE,16,16,0,5,21
429,473,"Millharbour, Millwall",Millwall,22167,51.496137,-0.019355,TRUE,FALSE,2012/1/17,,FALSE,18,17,1,1,19
430,474,"Gascoyne Road, Victoria Park",Victoria Park,200155,51.541515,-0.038557746,TRUE,FALSE,2012/1/17,,FALSE,11,1,10,6,20
431,475,"Lightermans Road, Millwall",Millwall,200004,51.499041,-0.020157,TRUE,FALSE,2012/1/17,,FALSE,23,21,2,6,31
432,476,"Stebondale Street, Cubitt Town",Cubitt Town,200009,51.489096,-0.009205,TRUE,FALSE,2012/1/19,,FALSE,2,1,1,27,29
433,477,"Spindrift Avenue, Millwall",Millwall,200018,51.49109,-0.018716,TRUE,FALSE,2012/1/19,,FALSE,4,3,1,28,36
434,478,"Stepney Green Station, Stepney",Stepney,200012,51.521889,-0.04667,TRUE,FALSE,2012/1/19,,FALSE,14,14,0,5,21
435,479,"Pott Street, Bethnal Green",Bethnal Green,200156,51.527152,-0.058005,TRUE,FALSE,2012/1/19,,FALSE,17,17,0,2,20
436,480,"Flamborough Street, Limehouse",Limehouse,200115,51.5128711,-0.0389866,TRUE,FALSE,2012/1/19,,FALSE,21,21,0,4,25
437,481,"Saunders Ness Road, Cubitt Town",Cubitt Town,200022,51.487129,-0.0090011,TRUE,FALSE,2012/1/19,,FALSE,14,10,4,19,35
438,482,"Exhibition Road Museums 2, South Kensington",South Kensington,200052,51.495947,-0.17368958,TRUE,FALSE,2012/1/19,,FALSE,13,13,0,0,14
439,483,"Albert Gardens, Stepney",Stepney,22166,51.51328,-0.047784,TRUE,FALSE,2012/1/20,,FALSE,0,0,0,32,33
440,484,"Bromley High Street, Bow",Bow,22172,51.528828,-0.013258,TRUE,FALSE,2012/1/23,,FALSE,6,5,1,16,24
441,485,"Old Ford Road, Bethnal Green",Bethnal Green,22173,51.531127,-0.048017,TRUE,FALSE,2012/1/22,,FALSE,6,6,0,17,24
442,486,"Granby Street, Shoreditch",Shoreditch,22174,51.525645,-0.069543,TRUE,FALSE,2012/1/23,,FALSE,22,20,2,12,37
443,487,"Canton Street, Poplar",Poplar,22175,51.511811,-0.025626,TRUE,FALSE,2012/1/30,,FALSE,22,22,0,1,23
444,488,"Reardon Street, Wapping",Wapping,22176,51.506946,-0.058681,TRUE,FALSE,2012/1/22,,FALSE,7,7,0,13,22
445,489,"Christian Street, Whitechapel",Whitechapel,22177,51.513074,-0.064094,TRUE,FALSE,2012/1/20,,FALSE,11,10,1,20,34
446,490,"Pennington Street, Wapping",Wapping,200090,51.508622,-0.065006,TRUE,FALSE,2015/1/1,,FALSE,36,36,0,6,45
447,491,"Queen Marys, Mile End",Mile End,200249,51.522507,-0.041378,TRUE,FALSE,2012/1/22,,FALSE,25,25,0,19,45
448,494,"South Quay East, Canary Wharf",Canary Wharf,200233,51.50196,-0.016251,TRUE,FALSE,2012/1/24,,FALSE,2,2,0,31,36
449,495,"Bow Church Station, Bow",Bow,200252,51.528169,-0.018703,TRUE,FALSE,2012/1/23,,FALSE,1,1,0,37,39
450,496,"Devons Road, Bow",Bow,200255,51.52512,-0.015578,TRUE,FALSE,2012/1/24,,FALSE,16,14,2,21,39
451,497,"Merchant Street, Bow",Bow,200242,51.526578,-0.027581,TRUE,FALSE,2012/1/24,,FALSE,7,1,6,18,27
452,498,"Bow Road Station, Bow",Bow,200251,51.527058,-0.025296,TRUE,FALSE,2012/1/24,,FALSE,22,20,2,19,42
453,499,"Furze Green, Bow",Bow,200011,51.519265,-0.021345,TRUE,FALSE,2012/1/24,,FALSE,19,19,0,16,36
454,500,"Ansell House, Stepney",Stepney,200148,51.520019,-0.05438,TRUE,FALSE,2012/1/24,,FALSE,28,28,0,10,41
455,501,"Cephas Street, Bethnal Green",Bethnal Green,200073,51.522561,-0.054883,TRUE,FALSE,2012/1/24,,FALSE,10,9,1,13,24
456,502,"Bonner Gate, Victoria Park",Victoria Park,200241,51.53341,-0.049591815,TRUE,FALSE,2019/7/24,,FALSE,0,0,0,18,21
457,503,"Cleveland Way, Stepney",Stepney,200250,51.520893,-0.051394,TRUE,FALSE,2012/1/25,,FALSE,16,16,0,20,36
458,504,"St. Johns Park, Cubitt Town",Cubitt Town,200243,51.496454,-0.009506,TRUE,FALSE,2012/1/30,,FALSE,20,20,0,9,30
459,505,"Ackroyd Drive, Bow",Bow,200038,51.520398,-0.026768,TRUE,FALSE,2012/1/30,,FALSE,4,2,2,25,29
460,506,"Bell Lane, Liverpool Street",Liverpool Street,200036,51.517475,-0.075855,TRUE,FALSE,2012/1/30,,FALSE,11,3,8,10,23
461,507,"Clarkson Street, Bethnal Green",Bethnal Green,200131,51.528692,-0.059091,TRUE,FALSE,2012/1/30,,FALSE,21,21,0,10,31
462,508,"Fournier Street, Whitechapel",Whitechapel,200157,51.519362,-0.074431,TRUE,FALSE,2012/1/30,,FALSE,8,4,4,8,18
463,509,"Fore Street Avenue, Guildhall",Guildhall,200253,51.517842,-0.090075,TRUE,FALSE,2012/1/30,,FALSE,0,0,0,19,19
464,510,"Westferry DLR, Limehouse",Limehouse,200238,51.509303,-0.025996,TRUE,FALSE,2015/1/1,,FALSE,32,32,0,6,41
465,511,"Sutton Street, Shadwell",Shadwell,200256,51.511066,-0.053558,TRUE,FALSE,2012/1/30,,FALSE,30,30,0,0,33
466,513,"Watney Market, Stepney",Stepney,200162,51.5142228,-0.055656,TRUE,FALSE,2015/1/1,,FALSE,44,43,1,6,51
467,514,"Portman Square, Marylebone",Marylebone,200008,51.516204,-0.155525,TRUE,FALSE,2012/2/2,,FALSE,15,11,4,1,17
468,515,"Russell Gardens, Olympia",Olympia,200080,51.500088,-0.211316,TRUE,FALSE,2015/1/1,,FALSE,6,6,0,18,24
469,516,"Chrisp Street Market, Poplar",Poplar,200089,51.5112,-0.014438,TRUE,FALSE,2012/2/2,,FALSE,6,6,0,11,18
470,517,"Ford Road, Old Ford",Old Ford,200027,51.532513,-0.033085,TRUE,FALSE,2012/1/17,,FALSE,1,1,0,16,18
471,518,"Antill Road, Mile End",Mile End,200041,51.528224,-0.037471,TRUE,FALSE,2015/1/1,,FALSE,12,12,0,17,30
472,519,"Teviot Street, Poplar",Poplar,200254,51.518811,-0.011662,TRUE,FALSE,2015/1/1,,FALSE,24,22,2,8,33
473,520,"Bancroft Road, Bethnal Green",Bethnal Green,200234,51.526041,-0.047218,TRUE,FALSE,2015/1/1,,FALSE,1,1,0,20,21
474,521,"Driffield Road, Old Ford",Old Ford,200030,51.534137,-0.037366,TRUE,FALSE,2015/1/1,,FALSE,0,0,0,18,19
475,522,"Clinton Road, Mile End",Mile End,200161,51.525941,-0.036017,TRUE,FALSE,2015/1/1,,FALSE,11,11,0,25,36
476,523,"Langdon Park, Poplar",Poplar,200160,51.51549,-0.013475,TRUE,FALSE,2015/1/1,,FALSE,18,18,0,6,24
477,524,"Lancaster Gate , Bayswater",Bayswater,200017,51.511654,-0.179668,TRUE,FALSE,2012/2/6,,FALSE,5,4,1,33,38
478,525,"Blythe Road, Olympia",Olympia,200153,51.496927,-0.21350087,TRUE,FALSE,2022/1/27,,FALSE,3,3,0,20,24
479,526,"Lancaster Drive, Blackwall",Blackwall,200143,51.503143,-0.008428,TRUE,FALSE,2015/1/1,,FALSE,3,1,2,24,27
480,527,"Hansard Mews, Holland Park",Holland Park,200154,51.503802,-0.215808,TRUE,FALSE,2012/2/9,,FALSE,1,1,0,19,20
481,528,"Clarges Street, Mayfair",Mayfair,200088,51.507326,-0.145827,TRUE,FALSE,2012/2/9,,FALSE,9,7,2,7,16
482,529,"Manresa Road, Chelsea",Chelsea,200010,51.486892,-0.170983,TRUE,FALSE,2015/1/1,,FALSE,7,6,1,10,18
483,530,"Newby Place, Poplar",Poplar,200146,51.508896,-0.012413,TRUE,FALSE,2015/1/1,,FALSE,17,17,0,0,18
484,531,"Twig Folly Bridge, Mile End",Mile End,200167,51.530326,-0.042744,TRUE,FALSE,2012/2/9,,FALSE,4,1,3,16,21
485,532,"Jubilee Plaza, Canary Wharf",Canary Wharf,200163,51.5034,-0.0202423,TRUE,FALSE,2012/2/10,,FALSE,20,14,6,41,63
486,533,"Wellington Row, Bethnal Green",Bethnal Green,200165,51.528222,-0.069743,TRUE,FALSE,2015/1/1,,FALSE,8,7,1,25,33
487,534,"Goldsmiths Row, Haggerston",Haggerston,200159,51.531864,-0.066035,TRUE,FALSE,2015/1/1,,FALSE,1,1,0,25,27
488,536,"Queensbridge Road, Haggerston",Haggerston,200024,51.53385,-0.06992,TRUE,FALSE,2015/1/1,,FALSE,16,14,2,18,35
489,537,"Old Montague Street, Whitechapel",Whitechapel,200239,51.51793,-0.067937,TRUE,FALSE,2012/2/27,,FALSE,15,13,2,1,18
490,538,"Naval Row, Blackwall",Blackwall,200050,51.508981,-0.00699,TRUE,FALSE,2015/1/1,,FALSE,19,18,1,1,21
491,539,"Hoxton Station, Hoxton",Hoxton,200151,51.531091,-0.075901,TRUE,FALSE,2015/1/1,,FALSE,2,1,1,18,22
492,541,"Green Park Station, Mayfair",Mayfair,200096,51.506613,-0.142844,TRUE,FALSE,2015/1/1,,FALSE,19,12,7,7,28
493,542,"Salmon Lane, Limehouse",Limehouse,200147,51.514115,-0.033828,TRUE,FALSE,2015/1/1,,FALSE,14,12,2,15,33
494,543,"Lansdowne Walk, Ladbroke Grove",Ladbroke Grove,200065,51.509591,-0.204666,TRUE,FALSE,2015/1/1,,FALSE,5,5,0,16,21
495,544,"Percival Street, Finsbury",Finsbury,200051,51.526153,-0.102208,TRUE,FALSE,2015/1/1,,FALSE,12,11,1,8,22
496,545,"Arlington Road, Camden Town",Camden Town,200070,51.539957,-0.145246,TRUE,FALSE,2015/1/1,,FALSE,23,22,1,1,24
497,546,"New Fetter Lane, Holborn",Holborn,200044,51.517428,-0.107987,TRUE,FALSE,2015/1/1,,FALSE,16,14,2,5,21
498,547,"East India DLR, Blackwall",Blackwall,200127,51.509474,-0.002275,TRUE,FALSE,2015/1/1,,FALSE,39,38,1,7,51
499,548,"Westminster Bridge Road, Elephant & Castle",Elephant & Castle,200076,51.498386,-0.107913,TRUE,FALSE,2015/1/1,,FALSE,12,11,1,14,26
500,549,"Gaywood  Street, Elephant & Castle",Elephant & Castle,200132,51.49605,-0.104193,TRUE,FALSE,2015/1/1,,FALSE,19,19,0,24,45
501,550,"Harford Street, Mile End",Mile End,200102,51.521564,-0.039264,TRUE,FALSE,2015/1/1,,FALSE,8,8,0,15,23
502,551,"Import Dock, Canary Wharf",Canary Wharf,200066,51.505772,-0.016460175,TRUE,FALSE,2012/2/24,,FALSE,31,29,2,5,39
503,552,"Watney Street, Shadwell",Shadwell,200149,51.511542,-0.056667,TRUE,FALSE,2015/1/1,,FALSE,20,20,0,7,27
504,553,"Regents Row , Haggerston",Haggerston,200064,51.535678,-0.062546,TRUE,FALSE,2015/1/1,,FALSE,18,13,5,3,24
505,554,"Aberfeldy Street, Poplar",Poplar,200078,51.513548,-0.005659,TRUE,FALSE,2015/1/1,,FALSE,12,12,0,2,16
506,556,"Heron Quays DLR, Canary Wharf",Canary Wharf,200138,51.502661,-0.021596,TRUE,FALSE,2015/1/1,,FALSE,12,10,2,15,27
507,557,"King Edward Street, St Pauls",St Pauls,200203,51.51601,-0.0985,TRUE,FALSE,2015/1/1,,FALSE,10,7,3,10,20
508,558,"Page Street, Westminster",Westminster,200048,51.493978,-0.127554,TRUE,FALSE,2014/5/9,,FALSE,10,10,0,11,24
509,559,"Abbotsbury Road, Holland Park",Holland Park,200111,51.501391,-0.205991,TRUE,FALSE,2015/1/1,,FALSE,5,5,0,18,24
510,560,"Ladbroke Grove Central, Ladbroke Grove",Ladbroke Grove,200015,51.511624,-0.205921,TRUE,FALSE,2015/1/1,,FALSE,9,9,0,12,21
511,561,"Rectory Square, Stepney",Stepney,200037,51.518369,-0.043371,TRUE,FALSE,2012/2/29,,FALSE,9,9,0,13,22
512,562,"Bury Place, Holborn",Holborn,200074,51.51742,-0.12319,TRUE,FALSE,2012/2/29,,FALSE,6,4,2,12,21
513,563,"Prestons Road, Cubitt Town",Cubitt Town,200232,51.499286,-0.009152,TRUE,FALSE,2015/1/1,,FALSE,7,6,1,16,26
514,564,"Somerset House, Strand",Strand,200068,51.509943,-0.117619,TRUE,FALSE,2015/1/1,,FALSE,16,12,4,21,41
515,565,"Selby Street, Whitechapel",Whitechapel,200135,51.521905,-0.063386,TRUE,FALSE,2015/1/1,,FALSE,13,11,2,1,17
516,568,"Bishops Bridge Road West, Bayswater",Bayswater,200110,51.51616,-0.18697,TRUE,FALSE,2015/1/1,,FALSE,6,5,1,9,18
517,569,"Pitfield Street Central, Hoxton",Hoxton,200248,51.53213,-0.08299,TRUE,FALSE,2015/1/1,,FALSE,21,21,0,9,30
518,570,"Upper Bank Street, Canary Wharf",Canary Wharf,200099,51.503083,-0.017676,TRUE,FALSE,2012/3/3,,FALSE,7,6,1,24,36
519,571,"Westfield Southern Terrace ,Shepherds Bush",Shepherds Bush,200061,51.506256,-0.218337,TRUE,FALSE,2012/3/1,,FALSE,27,27,0,0,29
520,572,"Greenland Road, Camden Town",Camden Town,200026,51.539099,-0.141728,TRUE,FALSE,2015/1/1,,FALSE,31,30,1,3,36
521,573,"Limerston Street, West Chelsea",West Chelsea,200001,51.485587,-0.18119,TRUE,FALSE,2012/3/15,,FALSE,10,7,3,7,18
522,574,"Eagle Wharf Road, Hoxton",Hoxton,200246,51.53356,-0.09315,TRUE,FALSE,2012/4/5,,FALSE,33,29,4,5,45
523,576,"Alpha Grove, Millwall",Millwall,200109,51.497304,-0.022793,TRUE,FALSE,2015/1/1,,FALSE,18,18,0,5,23
524,577,"Globe Town Market, Bethnal Green",Bethnal Green,200247,51.528869,-0.047548,TRUE,FALSE,2015/1/1,,FALSE,1,1,0,17,20
525,578,"Hollybush Gardens, Bethnal Green",Bethnal Green,200244,51.527607,-0.057133,TRUE,FALSE,2012/2/28,,FALSE,30,29,1,1,32
526,579,"Queen Street 2, Bank",Bank,200128,51.511246,-0.093051,TRUE,FALSE,2015/1/1,,FALSE,7,7,0,25,36
527,580,"Doddington Grove, Kennington",Kennington,200084,51.48692917,-0.102996299,TRUE,FALSE,2014/2/12,,FALSE,6,5,1,26,36
528,581,"New Cavendish Street, Marylebone",Marylebone,200005,51.519167,-0.147983,TRUE,FALSE,2012/3/16,,FALSE,10,9,1,6,18
529,583,"Abingdon Green, Westminster",Westminster,200231,51.49764,-0.12597218,TRUE,FALSE,2015/1/1,,FALSE,16,13,3,2,20
530,584,"Ilchester Gardens, Bayswater",Bayswater,200086,51.51244,-0.19096,TRUE,FALSE,2015/1/1,,FALSE,3,1,2,16,21
531,586,"Mudchute DLR, Cubitt Town",Cubitt Town,200092,51.490645,-0.014582,TRUE,FALSE,2012/3/15,,FALSE,1,1,0,28,31
532,587,"Monument Street, Monument",Monument,200101,51.50964,-0.08497,TRUE,FALSE,2012/3/22,,FALSE,15,11,4,6,22
533,588,"Hoxton Street, Hoxton",Hoxton,200071,51.52959,-0.0801,TRUE,FALSE,2012/3/5,,FALSE,16,16,0,11,27
534,589,"Drayton Gardens, West Chelsea",West Chelsea,200060,51.487196,-0.179369,TRUE,FALSE,2015/1/1,,FALSE,5,5,0,10,18
535,590,"Greenberry Street, St.Johns Wood",St.Johns Wood,200236,51.53256,-0.16862,TRUE,FALSE,2015/1/1,,FALSE,3,1,2,21,26
536,591,"Westfield Library Corner, Shepherds Bush",Shepherds Bush,200227,51.506093,-0.2242237,TRUE,FALSE,2012/3/3,,FALSE,19,18,1,5,27
537,592,"Bishops Bridge Road East, Bayswater",Bayswater,200108,51.5171,-0.18377,TRUE,FALSE,2015/1/1,,FALSE,5,4,1,15,20
538,593,"Northdown Street, Kings Cross",Kings Cross,200058,51.531066,-0.11934,TRUE,FALSE,2015/1/1,,FALSE,20,19,1,0,21
539,594,"Kingsway Southbound, Strand",Strand,200226,51.513875,-0.117774,TRUE,FALSE,2012/3/14,,FALSE,30,27,3,0,33
540,595,"Hammersmith Road, Hammersmith",Hammersmith,200142,51.493267,-0.21985,TRUE,FALSE,2015/1/1,,FALSE,12,12,0,8,22
541,596,"Parsons Green , Parsons Green",Parsons Green,200237,51.472817,-0.199783,TRUE,FALSE,2015/1/1,,FALSE,9,9,0,12,21
542,597,"Fulham Park Road, Fulham",Fulham,200229,51.473471,-0.20782,TRUE,FALSE,2015/1/1,,FALSE,1,1,0,26,27
543,598,"Southerton Road, Hammersmith",Hammersmith,200166,51.494499,-0.228188,TRUE,FALSE,2017/7/31,,FALSE,25,25,0,12,38
544,599,"Manbre Road, Hammersmith",Hammersmith,200235,51.485743,-0.223616,TRUE,FALSE,2015/1/1,,FALSE,2,2,0,26,28
545,600,"South Lambeth Road, Vauxhall",Vauxhall,200133,51.481747,-0.124642,TRUE,FALSE,2015/1/1,,FALSE,5,2,3,15,21
546,602,"Union Grove, Wandsworth Road",Wandsworth Road,200211,51.472993,-0.133972,TRUE,FALSE,2015/1/1,,FALSE,19,19,0,23,45
547,603,"Caldwell Street, Stockwell",Stockwell,200137,51.477839,-0.116493,TRUE,FALSE,2015/1/1,,FALSE,4,3,1,37,44
548,604,"St Martins Close, Camden Town",Camden Town,200195,51.538792,-0.138535,TRUE,FALSE,2015/1/1,,FALSE,12,10,2,5,18
549,605,"Seymour Place, Marylebone",Marylebone,200198,51.520331,-0.163667,TRUE,FALSE,2015/1/1,,FALSE,13,12,1,16,29
550,606,"Addison Road, Holland Park",Holland Park,200218,51.504199,-0.210941,TRUE,FALSE,2015/1/1,,FALSE,3,3,0,21,26
551,607,"Putney Bridge Station, Fulham",Fulham,200125,51.468814,-0.210279,TRUE,FALSE,2015/1/1,,FALSE,2,2,0,19,21
552,608,"Colet Gardens, Hammersmith",Hammersmith,200224,51.491093,-0.216493,TRUE,FALSE,2015/1/1,,FALSE,17,17,0,13,30
553,609,"Sugden Road, Clapham",Clapham,200208,51.46512358,-0.157788279,TRUE,FALSE,2013/9/25,,FALSE,2,1,1,17,19
554,610,"Danvers Street, West Chelsea",West Chelsea,200222,51.48256792,-0.172078187,TRUE,FALSE,2013/9/25,,FALSE,3,2,1,16,21
555,611,"Princedale Road , Holland Park",Holland Park,200067,51.50646524,-0.208486599,TRUE,FALSE,2013/9/26,,FALSE,4,4,0,15,20
556,612,"Wandsworth Rd, Isley Court, Wandsworth Road","Isley Court, Wandsworth Road",200175,51.46925984,-0.141812513,TRUE,FALSE,2013/9/27,,FALSE,10,8,2,19,30
557,613,"Woodstock Grove, Shepherds Bush",Shepherds Bush,200214,51.50403821,-0.217400093,TRUE,FALSE,2013/9/26,,FALSE,4,3,1,16,24
558,615,"Finlay Street, Fulham",Fulham,200029,51.4768851,-0.215895601,TRUE,FALSE,2013/9/27,,FALSE,5,5,0,18,24
559,616,"Aintree Street, Fulham",Fulham,200098,51.48102131,-0.209973497,TRUE,FALSE,2015/1/1,,FALSE,0,0,0,23,24
560,617,"Elysium Place, Fulham",Fulham,200028,51.47107905,-0.207842908,TRUE,FALSE,2013/9/30,,FALSE,4,4,0,17,21
561,618,"Eel Brook Common, Walham Green",Walham Green,300003,51.47625965,-0.193254007,TRUE,FALSE,2013/9/30,,FALSE,4,3,1,20,24
562,619,"Irene Road, Parsons Green",Parsons Green,300012,51.4737636,-0.197010096,TRUE,FALSE,2013/9/30,,FALSE,3,3,0,20,23
563,620,"Surrey Lane, Battersea",Battersea,300010,51.47518024,-0.167160736,TRUE,FALSE,2013/10/1,,FALSE,11,11,0,15,26
564,621,"Wandsworth Town Station, Wandsworth",Wandsworth,200091,51.46086446,-0.187427294,TRUE,FALSE,2013/10/4,,FALSE,10,9,1,22,33
565,622,"Lansdowne Road, Ladbroke Grove",Ladbroke Grove,200172,51.50748124,-0.205535908,TRUE,FALSE,2013/10/4,,FALSE,1,0,1,27,29
566,623,"Nantes Close, Wandsworth",Wandsworth,200186,51.46193072,-0.180791784,TRUE,FALSE,2013/10/7,,FALSE,6,5,1,15,22
567,624,"Courland Grove, Wandsworth Road",Wandsworth Road,200173,51.4729184,-0.132102704,TRUE,FALSE,2013/10/8,,FALSE,18,18,0,18,40
568,625,"Queens Circus, Battersea Park",Battersea Park,200190,51.47761941,-0.149551631,TRUE,FALSE,2013/10/8,,FALSE,17,15,2,8,28
569,626,"Normand Park, West Kensington",West Kensington,300008,51.48438657,-0.20481514,TRUE,FALSE,2013/10/16,,FALSE,0,0,0,23,24
570,627,"Holden Street, Battersea",Battersea,200007,51.4687905,-0.158230901,TRUE,FALSE,2013/10/16,,FALSE,3,3,0,16,20
571,628,"William Morris Way, Sands End",Sands End,200062,51.46881971,-0.184318843,TRUE,FALSE,2013/10/10,,FALSE,11,9,2,14,26
572,629,"Morie Street, Wandsworth",Wandsworth,200187,51.45995384,-0.190184054,TRUE,FALSE,2013/10/11,,FALSE,15,14,1,12,28
573,630,"Clarence Walk, Stockwell",Stockwell,200194,51.47073264,-0.126994068,TRUE,FALSE,2013/10/11,,FALSE,5,5,0,20,28
574,631,"Battersea Park Road, Nine Elms",Nine Elms,200183,51.4795017,-0.141770709,TRUE,FALSE,2013/10/8,,FALSE,16,16,0,6,27
575,632,"Sheepcote Lane, Battersea",Battersea,200176,51.47053858,-0.163041605,TRUE,FALSE,2013/10/8,,FALSE,10,10,0,16,28
576,633,"Vereker Road, West Kensington",West Kensington,200116,51.48959104,-0.209378594,TRUE,FALSE,2013/10/10,,FALSE,4,2,2,26,32
577,635,"Greyhound Road, Hammersmith",Hammersmith,200215,51.48606206,-0.214428378,TRUE,FALSE,2013/10/14,,FALSE,0,0,0,36,37
578,636,"South Park, Sands End",Sands End,200180,51.46706414,-0.193502076,TRUE,FALSE,2013/10/15,,FALSE,14,13,1,12,28
579,638,"Falcon Road, Clapham Junction",Clapham Junction,300014,51.46663393,-0.169821175,TRUE,FALSE,2013/10/15,,FALSE,21,19,2,5,28
580,640,"Silverthorne Road, Battersea",Battersea,200179,51.47286577,-0.148059277,TRUE,FALSE,2013/10/17,,FALSE,0,0,0,26,28
581,641,"Archbishops Park, Waterloo",Waterloo,300025,51.49824168,-0.117495865,TRUE,FALSE,2013/10/16,,FALSE,16,14,2,4,23
582,642,"Fawcett Close, Battersea",Battersea,200192,51.46916161,-0.174485792,TRUE,FALSE,2013/10/16,,FALSE,16,16,0,13,30
583,643,"All Saints Road, Portobello",Portobello,300026,51.5190427,-0.204764421,TRUE,FALSE,2013/10/17,,FALSE,3,1,2,19,22
584,644,"Rainville Road, Hammersmith",Hammersmith,200182,51.48373225,-0.223852256,TRUE,FALSE,2013/10/20,,FALSE,13,12,1,23,36
585,645,"Great Suffolk Street, The Borough",The Borough,200200,51.50173215,-0.100292412,TRUE,FALSE,2013/10/18,,FALSE,9,6,3,11,21
586,646,"Buckingham Gate, Westminster",Westminster,200178,51.49886563,-0.137424571,TRUE,FALSE,2013/10/18,,FALSE,13,13,0,0,16
587,647,"Richmond Way, Shepherds Bush",Shepherds Bush,200181,51.50035306,-0.217515071,TRUE,FALSE,2013/10/21,,FALSE,6,6,0,20,27
588,648,"Peterborough Road, Sands End",Sands End,200171,51.46904022,-0.19627483,TRUE,FALSE,2013/10/21,,FALSE,2,2,0,17,20
589,649,"Worlds End Place, West Chelsea",West Chelsea,300009,51.48180515,-0.18027465,TRUE,FALSE,2013/10/21,,FALSE,0,0,0,20,22
590,650,"St. Marks Road, North Kensington",North Kensington,300034,51.51687069,-0.213872396,TRUE,FALSE,2013/10/22,,FALSE,6,6,0,13,21
591,651,"Thorndike Close, West Chelsea",West Chelsea,300030,51.48089844,-0.183853573,TRUE,FALSE,2013/10/22,,FALSE,0,0,0,25,25
592,652,"Evesham Street, Avondale",Avondale,300022,51.51148696,-0.218190203,TRUE,FALSE,2013/10/15,,FALSE,10,10,0,9,20
593,653,"Simpson Street, Clapham Junction",Clapham Junction,200196,51.47084722,-0.17070367,TRUE,FALSE,2013/10/23,,FALSE,7,7,0,14,25
594,654,"Ashmole Estate, Oval",Oval,200223,51.48267821,-0.117661574,TRUE,FALSE,2013/10/23,,FALSE,15,15,0,17,34
595,655,"Crabtree Lane, Fulham",Fulham,200221,51.48294452,-0.219346128,TRUE,FALSE,2013/10/24,,FALSE,4,4,0,22,27
596,656,"Broomhouse Lane, Parsons Green",Parsons Green,200040,51.46841875,-0.199135704,TRUE,FALSE,2013/10/24,,FALSE,27,20,7,1,29
597,657,"Blythe Road West, Shepherds Bush",Shepherds Bush,200220,51.49968,-0.221791551,TRUE,FALSE,2013/10/24,,FALSE,4,4,0,16,21
598,658,"Ethelburga Estate, Battersea Park",Battersea Park,300005,51.47729232,-0.16478637,TRUE,FALSE,2013/11/6,,FALSE,13,11,2,13,30
599,659,"Blackfriars Station, St. Pauls",St. Pauls,200212,51.511934,-0.10307894,TRUE,FALSE,2013/10/25,,FALSE,18,15,3,9,35
600,660,"West Kensington Station, West Kensington",West Kensington,300020,51.49087074,-0.206029743,TRUE,FALSE,2013/10/25,,FALSE,12,12,0,10,22
601,661,"All Saints Church, Portobello",Portobello,300023,51.51632095,-0.202608612,TRUE,FALSE,2013/10/27,,FALSE,23,20,3,12,37
602,662,"Phene Street, Chelsea",Chelsea,200189,51.48498496,-0.167919869,TRUE,FALSE,2013/10/27,,FALSE,3,1,2,21,24
603,663,"Clarendon Road, Avondale",Avondale,200124,51.51323001,-0.211593602,TRUE,FALSE,2013/10/27,,FALSE,5,5,0,19,24
604,664,"Austin Road, Battersea Park",Battersea Park,300013,51.474376,-0.155442787,TRUE,FALSE,2013/10/28,,FALSE,11,7,4,12,24
605,665,"Smugglers Way, Wandsworth",Wandsworth,200113,51.46108367,-0.191722864,TRUE,FALSE,2013/10/28,,FALSE,11,10,1,15,27
606,666,"Harris Academy, Bermondsey",Bermondsey,300004,51.492668,-0.072350665,TRUE,FALSE,2013/10/29,,FALSE,1,1,0,17,18
607,667,"Shepherds Bush Road North, Shepherds Bush",Shepherds Bush,200209,51.5015946,-0.222293381,TRUE,FALSE,2013/10/30,,FALSE,0,0,0,34,34
608,668,"Ravenscourt Park Station, Hammersmith",Hammersmith,300037,51.49422354,-0.236769936,TRUE,FALSE,2013/10/30,,FALSE,13,12,1,9,26
609,669,"Teversham Lane, Stockwell",Stockwell,300036,51.47614939,-0.1232585,TRUE,FALSE,2013/10/30,,FALSE,14,14,0,23,39
610,670,"Ashley Crescent, Battersea",Battersea,200169,51.46718562,-0.152248582,TRUE,FALSE,2013/10/31,,FALSE,12,11,1,11,28
611,671,"Parsons Green Station, Parsons Green",Parsons Green,300052,51.475089,-0.201968,TRUE,FALSE,2013/10/31,,FALSE,15,13,2,41,56
612,672,"Chicheley Street, South Bank",South Bank,200206,51.502698,-0.1167474,TRUE,FALSE,2013/10/31,,FALSE,14,9,5,10,24
613,673,"Hibbert Street, Battersea",Battersea,300051,51.46517078,-0.18038939,TRUE,FALSE,2013/11/1,,FALSE,12,10,2,23,36
614,674,"Carnegie Street, Kings Cross",Kings Cross,300035,51.53546778,-0.11619105,TRUE,FALSE,2015/1/1,,FALSE,22,20,2,17,40
615,675,"Usk Road, Clapham Junction",Clapham Junction,200126,51.46348914,-0.182126248,TRUE,FALSE,2013/11/1,,FALSE,7,6,1,21,30
616,676,"Hartington Road, Stockwell",Stockwell,200207,51.47787084,-0.126874471,TRUE,FALSE,2013/11/4,,FALSE,28,28,0,7,35
617,677,"Heath Road, Battersea",Battersea,200023,51.46866929,-0.146544642,TRUE,FALSE,2013/11/3,,FALSE,12,12,0,14,27
618,678,"Esmond Street, Putney",Putney,200170,51.46231278,-0.211468596,TRUE,FALSE,2013/11/5,,FALSE,5,4,1,21,30
619,679,"Orbel Street, Battersea",Battersea,200114,51.47453545,-0.170210533,TRUE,FALSE,2013/11/5,,FALSE,13,12,1,13,26
620,680,"Westbridge Road, Battersea",Battersea,200210,51.47768469,-0.170329317,TRUE,FALSE,2013/11/5,,FALSE,5,5,0,17,28
621,681,"Bishops Avenue, Fulham",Fulham,200043,51.47303687,-0.214749808,TRUE,FALSE,2013/11/6,,FALSE,18,18,0,28,46
622,682,"Crisp Road, Hammersmith",Hammersmith,200059,51.48810829,-0.22660621,TRUE,FALSE,2013/11/6,,FALSE,16,15,1,29,46
623,683,"Dorothy Road, Clapham Junction",Clapham Junction,200119,51.46506424,-0.163750945,TRUE,FALSE,2013/11/6,,FALSE,13,12,1,10,28
624,684,"Neville Gill Close, Wandsworth",Wandsworth,200188,51.45475251,-0.195197203,TRUE,FALSE,2013/11/7,,FALSE,19,19,0,11,32
625,685,"Osiers Road, Wandsworth",Wandsworth,200219,51.46067005,-0.198735357,TRUE,FALSE,2013/11/7,,FALSE,10,9,1,19,30
626,686,"Beryl Road, Hammersmith",Hammersmith,200097,51.48814438,-0.222456468,TRUE,FALSE,2013/11/7,,FALSE,7,7,0,18,26
627,687,"Clements Road, Bermondsey",Bermondsey,200216,51.4954,-0.061698585,TRUE,FALSE,2013/11/7,,FALSE,21,19,2,0,23
628,688,"Northfields, Wandsworth",Wandsworth,200204,51.46095151,-0.20066766,TRUE,FALSE,2013/11/8,,FALSE,8,8,0,19,28
629,689,"Spanish Road, Clapham Junction",Clapham Junction,200106,51.45922541,-0.180884959,TRUE,FALSE,2013/11/8,,FALSE,17,17,0,11,30
630,690,"Stanley Grove, Battersea",Battersea,200199,51.47047503,-0.152130083,TRUE,FALSE,2013/11/8,,FALSE,8,8,0,16,24
631,691,"Erin Close, Walham Green",Walham Green,200184,51.47946386,-0.195777222,TRUE,FALSE,2013/11/18,,FALSE,4,4,0,18,24
632,692,"Cadogan Close, Victoria Park",Victoria Park,200112,51.54211855,-0.028941601,TRUE,FALSE,2013/11/11,,FALSE,18,16,2,1,22
633,693,"Felsham Road, Putney",Putney,300019,51.464786,-0.215618902,TRUE,FALSE,2013/11/9,,FALSE,14,14,0,4,18
634,694,"Putney Rail Station, Putney",Putney,300033,51.46071722,-0.216526155,TRUE,FALSE,2013/11/9,,FALSE,1,1,0,18,20
635,695,"Islington Green, Angel",Angel,300031,51.53638435,-0.102757578,TRUE,FALSE,2013/11/11,,FALSE,18,7,11,1,21
636,696,"Charing Cross Hospital, Hammersmith",Hammersmith,300018,51.48728535,-0.217995921,TRUE,FALSE,2013/11/11,,FALSE,3,3,0,15,21
637,697,"Charlotte Terrace, Angel",Angel,200129,51.53639219,-0.112721065,TRUE,FALSE,2013/11/12,,FALSE,5,2,3,18,25
638,698,"Shoreditch Court, Haggerston",Haggerston,200121,51.53908372,-0.070329419,TRUE,FALSE,2013/11/12,,FALSE,22,21,1,12,35
639,699,"Belford House, Haggerston",Haggerston,200057,51.5366541,-0.07023031,TRUE,FALSE,2013/11/12,,FALSE,9,7,2,29,39
640,700,"Battersea Church Road, Battersea",Battersea,200201,51.47696496,-0.174347066,TRUE,FALSE,2013/11/13,,FALSE,2,2,0,21,25
641,701,"Vicarage Crescent, Battersea",Battersea,200077,51.47287627,-0.176267008,TRUE,FALSE,2013/11/13,,FALSE,14,13,1,14,30
642,702,"Durant Street, Bethnal Green",Bethnal Green,200213,51.52868155,-0.065550321,TRUE,FALSE,2013/11/13,,FALSE,1,1,0,18,24
643,703,"St. Bride Street, Holborn",Holborn,200094,51.514665,-0.104584,TRUE,FALSE,2013/11/13,,FALSE,7,3,4,14,24
644,704,"Mexfield Road, East Putney",East Putney,200063,51.45682071,-0.202802098,TRUE,FALSE,2013/11/14,,FALSE,1,0,1,17,18
645,705,"Upper Richmond Road, Putney",Putney,300042,51.45971528,-0.212145939,TRUE,FALSE,2013/11/14,2018/10/18,TRUE,4,4,0,20,25
646,706,"Snowsfields, London Bridge",London Bridge,200193,51.50215353,-0.083632928,TRUE,FALSE,2013/11/14,,FALSE,29,28,1,1,31
647,707,"Barons Court Station, West Kensington",West Kensington,200197,51.49021762,-0.215087092,TRUE,FALSE,2013/11/14,,FALSE,1,1,0,30,32
648,708,"Disraeli Road, Putney",Putney,200217,51.4616107,-0.2161458,TRUE,FALSE,2013/11/15,,FALSE,6,5,1,25,33
649,709,"Montserrat Road , Putney",Putney,200205,51.46321128,-0.215550761,TRUE,FALSE,2013/11/15,,FALSE,7,6,1,14,23
650,710,"Albert Bridge Road, Battersea Park",Battersea Park,300045,51.47439218,-0.163347594,TRUE,FALSE,2013/11/15,,FALSE,8,7,1,8,20
651,711,"Everington Street, Fulham",Fulham,300028,51.48335692,-0.216305546,TRUE,FALSE,2013/11/18,,FALSE,2,1,1,28,31
652,712,"Mile End Stadium, Mile End",Mile End,300056,51.51854104,-0.034903714,TRUE,FALSE,2013/11/18,,FALSE,1,1,0,18,22
653,713,"Hawley Crescent, Camden Town",Camden Town,200122,51.54100708,-0.14326094,TRUE,FALSE,2013/11/18,,FALSE,22,18,4,0,22
654,714,"Stewarts Road, Wandsworth Road",Wandsworth Road,300055,51.47311696,-0.137235175,TRUE,FALSE,2013/11/19,,FALSE,16,16,0,12,28
655,715,"Aylward Street, Stepney",Stepney,300049,51.51563007,-0.049067243,TRUE,FALSE,2013/11/19,,FALSE,3,2,1,18,22
656,716,"Stainsby Road , Poplar",Poplar,300048,51.51542791,-0.02356501,TRUE,FALSE,2013/11/19,,FALSE,0,0,0,23,24
657,717,"Dunston Road , Haggerston",Haggerston,300024,51.53658514,-0.075885686,TRUE,FALSE,2013/11/20,,FALSE,7,6,1,31,43
658,718,"Ada Street, Hackney Central",Hackney Central,300040,51.53571683,-0.060291813,TRUE,FALSE,2013/11/20,,FALSE,27,22,5,16,45
659,719,"Victoria Park Road, Hackney Central",Hackney Central,300011,51.53642464,-0.054162264,TRUE,FALSE,2013/11/20,,FALSE,8,5,3,22,34
660,720,"Star Road, West Kensington",West Kensington,300038,51.48724429,-0.205279052,TRUE,FALSE,2013/11/21,,FALSE,8,7,1,14,23
661,721,"Wendon Street, Old Ford",Old Ford,300039,51.53603947,-0.026262677,TRUE,FALSE,2013/11/21,,FALSE,4,4,0,13,18
662,722,"Finnis Street, Bethnal Green",Bethnal Green,300041,51.52458353,-0.058631453,TRUE,FALSE,2013/11/21,,FALSE,15,12,3,1,19
663,723,"Stephendale Road, Sands End",Sands End,300053,51.46822047,-0.190346493,TRUE,FALSE,2013/11/21,,FALSE,18,16,2,27,48
664,724,"Alma Road, Wandsworth",Wandsworth,300046,51.45799126,-0.184806157,TRUE,FALSE,2013/11/22,,FALSE,4,4,0,23,28
665,725,"Walworth Square, Walworth",Walworth,300050,51.491327,-0.096518684,TRUE,FALSE,2019/7/17,,FALSE,3,2,1,19,24
666,726,"Alfreda Street, Battersea Park",Battersea Park,300047,51.47505096,-0.150908371,TRUE,FALSE,2013/11/22,,FALSE,3,3,0,17,22
667,727,"Chesilton Road, Fulham",Fulham,300054,51.47569809,-0.20587627,TRUE,FALSE,2013/11/22,,FALSE,2,1,1,21,23
668,728,"Putney Bridge Road, East Putney",East Putney,300044,51.46199911,-0.206240805,TRUE,FALSE,2013/11/26,,FALSE,2,1,1,27,29
669,729,"St. Peters Terrace, Fulham",Fulham,300043,51.47893931,-0.208485293,TRUE,FALSE,2013/11/25,,FALSE,10,9,1,14,24
670,730,"Bridge Avenue, Hammersmith",Hammersmith,300082,51.49208492,-0.229116862,TRUE,FALSE,2013/11/22,,FALSE,10,9,1,3,18
671,731,"Michael Road, Walham Green",Walham Green,300095,51.47727637,-0.189210466,TRUE,FALSE,2013/11/25,,FALSE,13,12,1,24,37
672,732,"Duke Street Hill, London Bridge",London Bridge,300083,51.50630441,-0.087262995,TRUE,FALSE,2013/11/26,,FALSE,14,13,1,3,21
673,733,"Park Lane, Mayfair",Mayfair,300093,51.50542628,-0.150817316,TRUE,FALSE,2013/11/26,,FALSE,13,10,3,4,18
674,734,"Plough Terrace, Clapham Junction",Clapham Junction,300094,51.46230566,-0.175407201,TRUE,FALSE,2013/11/26,,FALSE,22,14,8,7,31
675,735,"Grant Road East, Clapham Junction",Clapham Junction,200120,51.46489445,-0.17302926,TRUE,FALSE,2013/11/25,,FALSE,23,20,3,4,28
676,736,"Queensdale Road, Shepherds Bush",Shepherds Bush,300088,51.50659035,-0.216104479,TRUE,FALSE,2013/11/26,,FALSE,18,17,1,10,28
677,737,"Fulham Broadway, Walham Green",Walham Green,300086,51.47993289,-0.19411695,TRUE,FALSE,2013/11/27,,FALSE,7,4,3,18,26
678,738,"Imperial Road, Sands End",Sands End,300087,51.47514228,-0.187278987,TRUE,FALSE,2013/11/27,,FALSE,4,4,0,33,37
679,739,"Hortensia Road, West Brompton",West Brompton,300091,51.48176572,-0.185273723,TRUE,FALSE,2013/11/28,,FALSE,10,10,0,17,28
680,740,"Sirdar Road, Avondale",Avondale,300084,51.51092871,-0.214594781,TRUE,FALSE,2013/11/28,,FALSE,5,5,0,14,20
681,741,"Freston Road, Avondale",Avondale,300085,51.5129814,-0.219486603,TRUE,FALSE,2013/11/28,,FALSE,19,19,0,3,23
682,742,"Blenheim Crescent, Ladbroke Grove",Ladbroke Grove,300090,51.51510818,-0.208565479,TRUE,FALSE,2013/11/28,,FALSE,16,13,3,6,22
683,743,"Oxford Road, Putney",Putney,300078,51.46079243,-0.212607684,TRUE,FALSE,2013/11/29,,FALSE,10,9,1,10,20
684,744,"Ingrave Street, Clapham Junction",Clapham Junction,300077,51.46745485,-0.172293499,TRUE,FALSE,2013/11/29,,FALSE,12,12,0,17,30
685,745,"Upcerne Road, West Chelsea",West Chelsea,300075,51.47816972,-0.18243547,TRUE,FALSE,2013/11/29,,FALSE,17,16,1,10,29
686,746,"Lots Road, West Chelsea",West Chelsea,300076,51.4795738,-0.17903854,TRUE,FALSE,2013/12/2,,FALSE,8,3,5,16,24
687,747,"Ormonde Gate, Chelsea",Chelsea,300089,51.48796408,-0.161765173,TRUE,FALSE,2013/12/2,,FALSE,17,13,4,5,24
688,748,"Hertford Road, De Beauvoir Town",De Beauvoir Town,300092,51.53727795,-0.079201849,TRUE,FALSE,2013/12/4,,FALSE,19,19,0,4,25
689,749,"Haggerston Road, Haggerston",Haggerston,300081,51.53932857,-0.074284675,TRUE,FALSE,2013/12/4,,FALSE,10,8,2,24,37
690,750,"Culvert Road, Battersea",Battersea,300080,51.4710956,-0.157850096,TRUE,FALSE,2013/12/5,,FALSE,7,7,0,20,27
691,751,"Newton Street, Covent Garden",Covent Garden,300074,51.51612862,-0.120909408,TRUE,FALSE,2013/12/5,,FALSE,14,10,4,10,24
692,752,"London Street, Paddington",Paddington,300079,51.515117,-0.17371276,TRUE,FALSE,2022/4/19,,FALSE,15,6,9,2,19
693,753,"Clapham South, Clapham South",Clapham South,300006,51.452997,-0.1486519,TRUE,FALSE,2013/12/6,,FALSE,6,3,3,20,28
694,754,"Grenfell Road, Avondale",Avondale,300067,51.5129006,-0.214762686,TRUE,FALSE,2014/1/6,,FALSE,17,17,0,2,24
695,755,"The Vale, Chelsea",Chelsea,300058,51.48512191,-0.174971902,TRUE,FALSE,2014/1/6,,FALSE,1,0,1,21,24
696,756,"Prince of Wales Drive, Battersea Park",Battersea Park,300073,51.47515398,-0.159169801,TRUE,FALSE,2014/1/20,,FALSE,16,16,0,4,21
697,757,"Harcourt Terrace, West Brompton",West Brompton,300069,51.48795853,-0.187404506,TRUE,FALSE,2014/1/7,,FALSE,10,10,0,13,24
698,758,"Westbourne Park Road, Portobello",Portobello,300057,51.51787005,-0.201005397,TRUE,FALSE,2014/1/8,,FALSE,5,4,1,18,23
699,759,"Broadley Terrace, Marylebone",Marylebone,300072,51.52456169,-0.165668686,TRUE,FALSE,2014/1/13,,FALSE,2,1,1,15,18
700,760,"Elgin Avenue, Maida Hill",Maida Hill,300071,51.524309,-0.2012346,TRUE,FALSE,2014/1/21,,FALSE,6,4,2,10,18
701,761,"Humbolt Road, Fulham",Fulham,300068,51.48321729,-0.211860644,TRUE,FALSE,2014/1/15,,FALSE,1,1,0,25,26
702,762,"Storeys Gate, Westminster",Westminster,200202,51.50070305,-0.129698963,TRUE,FALSE,2014/2/10,,FALSE,14,11,3,3,21
703,763,"Mile End Park Leisure Centre, Mile End",Mile End,300027,51.52059714,-0.032566533,TRUE,FALSE,2014/2/10,,FALSE,13,13,0,33,47
704,764,"St. Johns Road, Clapham Junction",Clapham Junction,200185,51.46239255,-0.16829214,TRUE,FALSE,2014/2/17,,FALSE,27,20,7,0,33
705,765,"Ranelagh Gardens, Fulham",Fulham,300064,51.46760141,-0.20682737,TRUE,FALSE,2014/2/21,,FALSE,16,15,1,13,29
706,766,"Ram Street, Wandsworth",Wandsworth,200079,51.45752945,-0.192165613,TRUE,FALSE,2014/2/20,,FALSE,9,8,1,13,25
707,767,"Santos Road, Wandsworth",Wandsworth,200177,51.45705988,-0.200806304,TRUE,FALSE,2014/2/26,,FALSE,14,14,0,16,30
708,768,"Clapham Common North Side, Clapham Common",Clapham Common,300065,51.46134382,-0.159322467,TRUE,FALSE,2014/2/27,,FALSE,11,9,2,25,37
709,769,"Sandilands Road, Walham Green",Walham Green,300001,51.473611,-0.191803,TRUE,FALSE,2014/3/4,,FALSE,4,3,1,16,21
710,770,"Gwendwr Road, West Kensington",West Kensington,300097,51.491026,-0.209121,TRUE,FALSE,2014/3/6,,FALSE,10,9,1,19,30
711,771,"Rifle Place, Avondale",Avondale,300007,51.509224,-0.216016,TRUE,FALSE,2014/3/5,,FALSE,5,4,1,15,21
712,772,"Binfield Road, Stockwell",Stockwell,300015,51.47250956,-0.122831913,TRUE,FALSE,2014/4/2,,FALSE,15,15,0,16,35
713,773,"Tallis Street, Temple",Temple,300096,51.511891,-0.107349,TRUE,FALSE,2014/3/31,,FALSE,2,1,1,19,24
714,774,"Hurlingham Park, Parsons Green",Parsons Green,300098,51.470131,-0.20464,TRUE,FALSE,2014/3/31,,FALSE,6,5,1,14,20
715,775,"Little Brook Green, Brook Green",Brook Green,300101,51.496664,-0.223868,TRUE,FALSE,2014/3/31,,FALSE,23,23,0,9,33
716,776,"Adeline Place, Bloomsbury",Bloomsbury,300099,51.517632,-0.1299857,TRUE,FALSE,2014/3/31,,FALSE,2,1,1,18,22
717,779,"Houndsditch, Aldgate",Aldgate,200072,51.514449,-0.077178979,TRUE,FALSE,2015/6/26,,FALSE,7,2,5,19,28
718,780,"Imperial Wharf Station, Sands End",Sands End,300070,51.474665,-0.18316517,TRUE,FALSE,2015/8/13,,FALSE,2,2,0,21,25
719,782,"Halford Road, West Kensington",West Kensington,300210,51.483911,-0.19760944,TRUE,FALSE,2015/11/2,,FALSE,2,2,0,22,24
720,783,"Monier Road, Hackney Wick",Hackney Wick,300213,51.5403115,-0.021630359,TRUE,FALSE,2015/11/26,,FALSE,12,11,1,11,27
721,784,"East Village, Queen Elizabeth Olympic Park",Queen Elizabeth Olympic Park,300200,51.546326,-0.00993526,TRUE,FALSE,2016/1/14,,FALSE,9,7,2,25,34
722,785,"Aquatic Centre, Queen Elizabeth Olympic Park",Queen Elizabeth Olympic Park,300233,51.541482,-0.0104377,TRUE,FALSE,2016/1/4,,FALSE,18,16,2,12,30
723,786,"Lee Valley VeloPark, Queen Elizabeth Olympic Park",Queen Elizabeth Olympic Park,300029,51.549369,-0.015717614,TRUE,FALSE,2016/1/4,,FALSE,7,6,1,34,44
724,787,"Timber Lodge, Queen Elizabeth Olympic Park",Queen Elizabeth Olympic Park,300227,51.546805,-0.01469126,TRUE,FALSE,2016/1/4,,FALSE,4,4,0,28,35
725,788,"Copper Box Arena, Queen Elizabeth Olympic Park",Queen Elizabeth Olympic Park,300226,51.544909,-0.0205426,TRUE,FALSE,2016/1/4,,FALSE,21,18,3,9,31
726,789,"Podium, Queen Elizabeth Olympic Park",Queen Elizabeth Olympic Park,300021,51.538718,-0.011889482,TRUE,FALSE,2016/1/11,,FALSE,34,17,17,5,40
727,790,"Stratford Station, Stratford",Stratford,300234,51.541793,-0.00481,TRUE,FALSE,2016/1/13,,FALSE,18,14,4,6,28
728,792,"Blackfriars Road, Southwark",Southwark,300214,51.505461,-0.10454093,TRUE,FALSE,2016/2/8,,FALSE,29,29,0,6,42
729,793,"Cromer Street, Bloomsbury",Bloomsbury,300205,51.528279,-0.11955857,TRUE,FALSE,2016/3/31,,FALSE,17,17,0,8,28
730,795,"Euston Square Gardens, Euston",Euston,300203,51.527068,-0.13186102,TRUE,FALSE,2016/2/29,,FALSE,18,9,9,11,30
731,796,"Coram Street, Bloomsbury",Bloomsbury,300201,51.524,-0.12640984,TRUE,FALSE,2016/2/29,,FALSE,14,13,1,11,29
732,797,"Ossulston Street, Somers Town",Somers Town,300211,51.5293,-0.12827903,TRUE,FALSE,2016/3/1,,FALSE,16,11,5,9,30
733,798,"Birkenhead Street, Kings Cross",Kings Cross,300212,51.53019988,-0.122299441,TRUE,FALSE,2016/6/1,,FALSE,20,12,8,5,27
734,799,"Kings Gate House, Westminster",Westminster,300202,51.49769846,-0.137598896,TRUE,FALSE,2016/6/2,,FALSE,9,7,2,15,24
735,801,"Lavington Street, Bankside",Bankside,300208,51.50522417,-0.098031812,TRUE,FALSE,2016/3/24,,FALSE,27,27,0,0,29
736,802,"Albert Square, Stockwell",Stockwell,300209,51.47659006,-0.118256789,TRUE,FALSE,2016/6/2,,FALSE,14,14,0,18,32
737,803,"Southwark Street, Bankside",Bankside,300238,51.50540994,-0.098341088,TRUE,FALSE,2016/6/1,,FALSE,21,21,0,0,23
738,804,"Goods Way, Kings Cross",Kings Cross,300243,51.53466774,-0.125078653,TRUE,FALSE,2016/3/31,,FALSE,5,0,5,17,27
739,805,"The Metropolitan, Portobello",Portobello,300244,51.520509,-0.20080483,TRUE,FALSE,2016/7/4,,FALSE,0,0,0,15,18
740,807,"Bevington Road West, North Kensington",North Kensington,300236,51.5212,-0.208888173,TRUE,FALSE,2016/6/23,,FALSE,6,4,2,15,24
741,808,"Gauden Road, Clapham",Clapham,300207,51.464995,-0.13090885,TRUE,FALSE,2016/4/27,,FALSE,24,20,4,3,28
742,809,"Lincolns Inn Fields, Holborn",Holborn,300240,51.51627788,-0.118272992,TRUE,FALSE,2016/7/4,,FALSE,21,17,4,4,28
743,810,"Tate Modern, Bankside",Bankside,300237,51.50672529,-0.098807246,TRUE,FALSE,2016/6/3,,FALSE,28,28,0,0,30
744,811,"Westferry Circus, Canary Wharf",Canary Wharf,300228,51.50570304,-0.027772743,TRUE,FALSE,2016/7/26,,FALSE,28,20,8,6,36
745,812,"Here East North, Queen Elizabeth Olympic Park",Queen Elizabeth Olympic Park,300217,51.54873119,-0.022606555,TRUE,FALSE,2016/7/20,,FALSE,13,13,0,15,28
746,813,"New Spring Gardens Walk, Vauxhall",Vauxhall,300224,51.48780745,-0.122759626,TRUE,FALSE,2016/7/4,,FALSE,31,31,0,2,33
747,814,"Clapham Road, Lingham Street, Stockwell","Lingham Street, Stockwell",300245,51.47143307,-0.123670736,TRUE,FALSE,2016/6/2,,FALSE,11,9,2,17,30
748,815,"Lambeth Palace Road, Waterloo",Waterloo,300231,51.5000892,-0.116628701,TRUE,FALSE,2016/5/4,,FALSE,21,18,3,13,35
749,818,"Westminster Pier, Westminster",Westminster,300249,51.501513,-0.12382322,TRUE,FALSE,2019/7/24,,FALSE,19,17,2,6,27
750,819,"Belvedere Road 2, South Bank",South Bank,300246,51.50621,-0.114842,TRUE,FALSE,2016/10/13,,FALSE,24,22,2,13,38
751,820,"Victory Place, Walworth",Walworth,300239,51.492807,-0.091938,TRUE,FALSE,2016/12/15,,FALSE,21,20,1,3,24
752,821,"Battersea Power Station, Battersea Park",Battersea Park,300221,51.48350749,-0.147714557,TRUE,FALSE,2017/2/17,,FALSE,15,15,0,8,27
753,826,"Allington Street, Victoria",Victoria,300242,51.496863,-0.1429434,TRUE,FALSE,2017/7/20,,FALSE,24,21,3,3,28
754,827,"Cranmer Road, Stockwell",Stockwell,300247,51.479601,-0.11147178,TRUE,FALSE,2018/2/5,,FALSE,15,14,1,8,24
755,828,"Normandy Road, Stockwell",Stockwell,300225,51.473874,-0.11258096,TRUE,FALSE,2018/2/5,,FALSE,11,11,0,19,32
756,829,"Wynne Road, Stockwell",Stockwell,300230,51.469217,-0.11268674,TRUE,FALSE,2018/2/1,,FALSE,12,12,0,13,25
757,830,"Sidney Road, Stockwell",Stockwell,300229,51.469202,-0.11902256,TRUE,FALSE,2018/2/7,,FALSE,10,8,2,12,27
758,831,"St Johns Crescent, Brixton",Brixton,300215,51.466232,-0.11317995,TRUE,FALSE,2018/2/7,,FALSE,22,22,0,3,25
759,832,"Ferndale Road, Brixton",Brixton,200240,51.464019,-0.11578197,TRUE,FALSE,2018/2/7,,FALSE,14,10,4,14,30
760,833,"Saltoun Road, Brixton",Brixton,300206,51.460232,-0.11537509,TRUE,FALSE,2018/2/6,,FALSE,20,16,4,21,42
761,834,"Gas Holders, Battersea Park",Battersea Park,300216,51.477966,-0.14785703,TRUE,FALSE,2018/6/19,,FALSE,13,10,3,10,26
762,835,"Farringdon Street, Holborn",Holborn,300220,51.516785,-0.10494775,TRUE,FALSE,2015/1/1,,FALSE,7,6,1,18,25
763,836,"York Way, Kings Cross",Kings Cross,300235,51.541596,-0.12544145,TRUE,FALSE,2015/1/1,,FALSE,1,1,0,22,24
764,838,"Fore Street, Guildhall",Guildhall,300222,51.518093,-0.0914017,TRUE,FALSE,2018/10/11,,FALSE,11,10,1,14,25
765,839,"Sea Containers, South Bank",South Bank,200144,51.508033,-0.10682363,TRUE,FALSE,2018/12/12,,FALSE,19,17,2,8,30
766,840,"George Row, Bermondsey",Bermondsey,2679,51.498585,-0.068981764,TRUE,FALSE,2020/9/10,,FALSE,5,5,0,16,22
767,841,"Tower Wharf, Bermondsey",Bermondsey,2667,51.500845,-0.074704305,TRUE,FALSE,2015/1/1,,FALSE,7,7,0,12,20
768,842,"Temple Gardens, Temple",Temple,300250,51.510981,-0.10832249,TRUE,FALSE,2020/9/23,,FALSE,17,14,3,7,24
769,844,"Canada Water Station, Rotherhithe",Rotherhithe,300252,51.498439,-0.049150215,TRUE,FALSE,2020/12/18,,FALSE,31,27,4,3,35
770,845,"Bermondsey Station, Bermondsey",Bermondsey,300253,51.497995,-0.063471392,TRUE,FALSE,2020/12/18,,FALSE,11,10,1,12,30
771,846,"Burgess Park Albany Road, Walworth",Walworth,300063,51.48224,-0.0942844,TRUE,FALSE,2022/8/6,,FALSE,24,22,2,5,30
772,847,"South Bermondsey Station, Bermondsey",Bermondsey,300062,51.488067,-0.057774596,TRUE,FALSE,2015/1/1,,FALSE,6,3,3,17,24
773,849,"Crimscott Street, Bermondsey",Bermondsey,300061,51.495598,-0.078893,TRUE,FALSE,2015/1/1,,FALSE,5,1,4,10,19
774,850,"Brandon Street, Walworth",Walworth,300060,51.489102,-0.0915489,TRUE,FALSE,2015/1/1,,FALSE,4,4,0,16,22
775,851,"The Blue, Bermondsey",Bermondsey,300059,51.492221,-0.0625131,TRUE,FALSE,2022/10/17,,FALSE,10,7,3,8,22
776,852,"Coomer Place, West Kensington",West Kensington,200081,51.4835707,-0.2020387,TRUE,FALSE,2015/1/1,,FALSE,1,1,0,25,27
777,857,"Strand, Strand",Strand,1100,51.512582,-0.1150573,TRUE,FALSE,2015/1/1,,FALSE,25,22,3,5,35
778,864,"Abbey Orchard Street, Westminster",Westminster,3429,51.4981256,-0.1321022,TRUE,FALSE,2010/7/14,,FALSE,21,21,0,6,29
779,865,"Leonard Circus , Shoreditch",Shoreditch,1020,51.5246962,-0.0844393,TRUE,FALSE,2010/7/7,,FALSE,28,25,3,14,43
780,866,"Limburg Road, Clapham Junction",Clapham Junction,300100,51.4619231,-0.1652979,TRUE,FALSE,2014/7/25,,FALSE,20,19,1,0,21
781,867,"Pritchards Road, Bethnal Green",Bethnal Green,200083,51.532091,-0.06142,TRUE,FALSE,2025/2/4,,FALSE,15,15,0,12,30
782,868,"Kennington Lane Rail Bridge, Vauxhall",Vauxhall,1190,51.4863434,-0.1224924,TRUE,FALSE,2010/7/21,,FALSE,27,26,1,1,31
783,869,"Albert Embankment, Vauxhall",Vauxhall,1059,51.4904357,-0.1228069,TRUE,FALSE,2010/7/14,,FALSE,4,3,1,18,24
784,870,"Lower Marsh, Waterloo",Waterloo,1219,51.5001394,-0.113936,TRUE,FALSE,2010/9/6,,FALSE,11,9,2,4,17
785,872,"Risinghill Street, Angel",Angel,1127,51.5333196,-0.1117812,TRUE,FALSE,2010/7/26,,FALSE,14,11,3,5,25
786,873,"St. Pancras Way, Camden Town",Camden Town,1111,51.537071,-0.1328501,TRUE,FALSE,2010/7/21,,FALSE,10,10,0,9,20
787,874,"Handyside Street, Kings Cross",Kings Cross,300241,51.5372406,-0.1248074,TRUE,FALSE,2016/9/1,,FALSE,8,6,2,15,27
788,875,"Victoria Rise, Clapham Common",Clapham Common,300204,51.461376,-0.1478047,TRUE,FALSE,2016/2/25,,FALSE,16,11,5,6,23
789,876,"Old Quebec Street, Marylebone",Marylebone,1085,51.5145776,-0.1582645,TRUE,FALSE,2010/7/14,,FALSE,5,4,1,11,16
790,877,"Spencer Park, Wandsworth Common",Wandsworth Common,200191,51.4578702,-0.1746916,TRUE,FALSE,2013/10/16,,FALSE,7,7,0,18,25
791,878,"Victoria & Albert Museum, South Kensington",South Kensington,300032,51.495898,-0.173009,TRUE,FALSE,2015/11/2,,FALSE,21,18,3,8,30
792,879,"BBC White City, White City",White City,200136,51.514767,-0.225787,TRUE,FALSE,2015/1/1,,FALSE,13,11,2,19,36
793,881,"Albany Street, The Regents Park",The Regents Park,200134,51.528302,-0.144466,TRUE,FALSE,2015/1/1,,FALSE,11,6,5,12,27
794,882,"Maplin Street, Mile End",Mile End,200230,51.525501,-0.0322672,TRUE,FALSE,2012/1/22,,FALSE,23,22,1,13,39
795,883,"London Fields, Hackney Central",Hackney Central,200025,51.54119,-0.0588261,TRUE,FALSE,2013/10/3,,FALSE,10,7,3,4,21
796,884,"Westfield Ariel Way, White City",White City,200141,51.509158,-0.224103,TRUE,FALSE,2012/3/5,,FALSE,15,15,0,24,42
797,885,"Gloucester Avenue, Camden Town",Camden Town,200145,51.537349,-0.147154,TRUE,FALSE,2015/1/1,,FALSE,15,7,8,9,24
798,887,"London Zoo Car Park, The Regents Park",The Regents Park,1188,51.5369222,-0.1501814,TRUE,FALSE,2010/7/27,,FALSE,21,19,2,15,36
799,888,"Norton Folgate, Liverpool Street",Liverpool Street,1068,51.5211137,-0.0788698,TRUE,FALSE,2010/7/15,,FALSE,12,8,4,10,23